Step,AgentID,Color,Transporting,Position
0,1120,green,[],"(9, 12)"
0,1121,green,[],"(4, 22)"
0,1122,green,[],"(6, 21)"
0,1123,green,[],"(3, 14)"
0,1124,green,[],"(0, 23)"
0,1125,yellow,[],"(12, 0)"
0,1126,yellow,[],"(16, 26)"
0,1127,yellow,[],"(18, 23)"
0,1128,yellow,[],"(21, 16)"
0,1129,yellow,[],"(12, 23)"
0,1130,red,[],"(27, 4)"
0,1131,red,[],"(26, 23)"
0,1132,red,[],"(22, 1)"
0,1133,red,[],"(26, 30)"
0,1134,red,[],"(25, 16)"
1,1120,green,[],"(9, 11)"
1,1121,green,[],"(5, 21)"
1,1122,green,[],"(5, 22)"
1,1123,green,[],"(4, 15)"
1,1124,green,[],"(1, 22)"
1,1125,yellow,[],"(11, 0)"
1,1126,yellow,[],"(15, 26)"
1,1127,yellow,[],"(17, 23)"
1,1128,yellow,[],"(20, 16)"
1,1129,yellow,[],"(11, 23)"
1,1130,red,[],"(26, 4)"
1,1131,red,[],"(25, 23)"
1,1132,red,[],"(21, 1)"
1,1133,red,[],"(25, 30)"
1,1134,red,[1118],"(24, 16)"
2,1120,green,[],"(8, 10)"
2,1121,green,[],"(6, 22)"
2,1122,green,[],"(6, 23)"
2,1123,green,[],"(5, 14)"
2,1124,green,[],"(2, 23)"
2,1125,yellow,[],"(10, 0)"
2,1126,yellow,[],"(14, 26)"
2,1127,yellow,[],"(16, 23)"
2,1128,yellow,[1109],"(19, 16)"
2,1129,yellow,[],"(10, 23)"
2,1130,red,[1111],"(25, 4)"
2,1131,red,[],"(24, 23)"
2,1132,red,[],"(21, 0)"
2,1133,red,[],"(24, 30)"
2,1134,red,[1118],"(25, 16)"
3,1120,green,[],"(9, 9)"
3,1121,green,[],"(7, 21)"
3,1122,green,[],"(5, 24)"
3,1123,green,[],"(6, 15)"
3,1124,green,[],"(3, 22)"
3,1125,yellow,[],"(10, 1)"
3,1126,yellow,[],"(13, 26)"
3,1127,yellow,[],"(15, 23)"
3,1128,yellow,[1109],"(18, 16)"
3,1129,yellow,[],"(10, 24)"
3,1130,red,[1111],"(26, 4)"
3,1131,red,[],"(23, 23)"
3,1132,red,[],"(21, 1)"
3,1133,red,[],"(23, 30)"
3,1134,red,[1118],"(26, 16)"
4,1120,green,[],"(8, 8)"
4,1121,green,[],"(8, 22)"
4,1122,green,[],"(6, 25)"
4,1123,green,[],"(7, 14)"
4,1124,green,[],"(4, 23)"
4,1125,yellow,[],"(10, 0)"
4,1126,yellow,[],"(12, 26)"
4,1127,yellow,[],"(14, 23)"
4,1128,yellow,[1109],"(17, 16)"
4,1129,yellow,[],"(10, 25)"
4,1130,red,[1111],"(27, 4)"
4,1131,red,[],"(22, 23)"
4,1132,red,[],"(21, 2)"
4,1133,red,[],"(22, 30)"
4,1134,red,[1118],"(27, 16)"
5,1120,green,[],"(9, 7)"
5,1121,green,[],"(9, 21)"
5,1122,green,[],"(5, 26)"
5,1123,green,[],"(8, 15)"
5,1124,green,[],"(5, 22)"
5,1125,yellow,[],"(10, 1)"
5,1126,yellow,[],"(11, 26)"
5,1127,yellow,[],"(13, 23)"
5,1128,yellow,[1109],"(16, 16)"
5,1129,yellow,[],"(10, 26)"
5,1130,red,[1111],"(28, 4)"
5,1131,red,[],"(21, 23)"
5,1132,red,[],"(21, 1)"
5,1133,red,[],"(21, 30)"
5,1134,red,[1118],"(28, 16)"
6,1120,green,[],"(8, 6)"
6,1121,green,[],"(10, 22)"
6,1122,green,[1098],"(6, 27)"
6,1123,green,[],"(9, 14)"
6,1124,green,[],"(6, 23)"
6,1125,yellow,[],"(10, 2)"
6,1126,yellow,[],"(10, 26)"
6,1127,yellow,[],"(12, 23)"
6,1128,yellow,[1109],"(15, 16)"
6,1129,yellow,[],"(10, 25)"
6,1130,red,[1111],"(29, 4)"
6,1131,red,[],"(21, 24)"
6,1132,red,[],"(21, 2)"
6,1133,red,[],"(21, 31)"
6,1134,red,[1118],"(29, 16)"
7,1120,green,[],"(9, 5)"
7,1121,green,[],"(10, 23)"
7,1122,green,[1098],"(5, 28)"
7,1123,green,[],"(10, 15)"
7,1124,green,[],"(7, 22)"
7,1125,yellow,[],"(10, 1)"
7,1126,yellow,[],"(10, 27)"
7,1127,yellow,[],"(11, 23)"
7,1128,yellow,[1109],"(14, 16)"
7,1129,yellow,[],"(10, 26)"
7,1130,red,[1111],"(30, 4)"
7,1131,red,[],"(21, 25)"
7,1132,red,[],"(21, 3)"
7,1133,red,[],"(21, 30)"
7,1134,red,[1118],"(30, 16)"
8,1120,green,[],"(8, 4)"
8,1121,green,[],"(9, 24)"
8,1122,green,[1098],"(6, 29)"
8,1123,green,[],"(9, 16)"
8,1124,green,[],"(8, 23)"
8,1125,yellow,[],"(10, 0)"
8,1126,yellow,[],"(10, 26)"
8,1127,yellow,[],"(10, 23)"
8,1128,yellow,[1109],"(13, 16)"
8,1129,yellow,[],"(10, 27)"
8,1130,red,[1111],"(31, 4)"
8,1131,red,[],"(21, 26)"
8,1132,red,[],"(21, 4)"
8,1133,red,[],"(21, 29)"
8,1134,red,[1118],"(31, 16)"
9,1120,green,[],"(9, 3)"
9,1121,green,[],"(8, 24)"
9,1122,green,[1098],"(7, 30)"
9,1123,green,[],"(8, 17)"
9,1124,green,[],"(9, 22)"
9,1125,yellow,[],"(10, 1)"
9,1126,yellow,[],"(10, 25)"
9,1127,yellow,[],"(10, 24)"
9,1128,yellow,[1109],"(12, 16)"
9,1129,yellow,[],"(10, 26)"
9,1130,red,[1111],"(32, 4)"
9,1131,red,[],"(21, 27)"
9,1132,red,[],"(21, 3)"
9,1133,red,[],"(21, 28)"
9,1134,red,[1118],"(32, 16)"
10,1120,green,[],"(8, 2)"
10,1121,green,[],"(7, 25)"
10,1122,green,[1098],"(8, 30)"
10,1123,green,[1095],"(9, 18)"
10,1124,green,[],"(10, 23)"
10,1125,yellow,[],"(10, 0)"
10,1126,yellow,[],"(10, 26)"
10,1127,yellow,[],"(10, 23)"
10,1128,yellow,[1109],"(11, 16)"
10,1129,yellow,[],"(10, 25)"
10,1130,red,[1111],"(32, 5)"
10,1131,red,[],"(21, 26)"
10,1132,red,[],"(21, 4)"
10,1133,red,[],"(21, 27)"
10,1134,red,[1118],"(32, 17)"
11,1120,green,[],"(9, 1)"
11,1121,green,[],"(6, 26)"
11,1122,green,[1098],"(9, 30)"
11,1123,green,[1095],"(8, 19)"
11,1124,green,[],"(10, 24)"
11,1125,yellow,[],"(10, 1)"
11,1126,yellow,[],"(10, 27)"
11,1127,yellow,[],"(10, 24)"
11,1128,yellow,[1109],"(10, 16)"
11,1129,yellow,[],"(10, 26)"
11,1130,red,[1111],"(32, 6)"
11,1131,red,[],"(21, 25)"
11,1132,red,[],"(21, 5)"
11,1133,red,[],"(21, 28)"
11,1134,red,[1118],"(32, 18)"
12,1120,green,[],"(8, 0)"
12,1121,green,[],"(5, 25)"
12,1122,green,[1098],"(10, 30)"
12,1123,green,[1095],"(7, 20)"
12,1124,green,[],"(9, 25)"
12,1125,yellow,[],"(10, 2)"
12,1126,yellow,[],"(10, 26)"
12,1127,yellow,[],"(10, 25)"
12,1128,yellow,[1109],"(10, 15)"
12,1129,yellow,[],"(10, 25)"
12,1130,red,[1111],"(32, 7)"
12,1131,red,[],"(21, 24)"
12,1132,red,[],"(21, 6)"
12,1133,red,[],"(21, 27)"
12,1134,red,[1118],"(32, 19)"
13,1120,green,[],"(7, 0)"
13,1121,green,[],"(4, 26)"
13,1122,green,[],"(10, 30)"
13,1123,green,[1095],"(6, 19)"
13,1124,green,[],"(10, 26)"
13,1125,yellow,[],"(10, 1)"
13,1126,yellow,[],"(10, 25)"
13,1127,yellow,[],"(10, 26)"
13,1128,yellow,[1109],"(10, 16)"
13,1129,yellow,[],"(10, 24)"
13,1130,red,[1111],"(32, 8)"
13,1131,red,[],"(21, 25)"
13,1132,red,[],"(21, 5)"
13,1133,red,[],"(21, 28)"
13,1134,red,[1118],"(32, 20)"
14,1120,green,[],"(6, 1)"
14,1121,green,[],"(3, 25)"
14,1122,green,[],"(9, 31)"
14,1123,green,[1095],"(5, 20)"
14,1124,green,[],"(9, 27)"
14,1125,yellow,[],"(10, 2)"
14,1126,yellow,[],"(10, 26)"
14,1127,yellow,[],"(10, 25)"
14,1128,yellow,[1109],"(10, 17)"
14,1129,yellow,[],"(10, 23)"
14,1130,red,[1111],"(32, 9)"
14,1131,red,[],"(21, 26)"
14,1132,red,[],"(21, 4)"
14,1133,red,[],"(21, 27)"
14,1134,red,[1118],"(32, 21)"
15,1120,green,[],"(6, 2)"
15,1121,green,[],"(2, 26)"
15,1122,green,[],"(8, 31)"
15,1123,green,[1095],"(4, 19)"
15,1124,green,[],"(8, 27)"
15,1125,yellow,[],"(10, 3)"
15,1126,yellow,[],"(10, 25)"
15,1127,yellow,[],"(10, 24)"
15,1128,yellow,[1109],"(10, 16)"
15,1129,yellow,[],"(10, 24)"
15,1130,red,[1111],"(32, 10)"
15,1131,red,[],"(21, 25)"
15,1132,red,[],"(21, 3)"
15,1133,red,[],"(21, 26)"
15,1134,red,[1118],"(32, 22)"
16,1120,green,[],"(6, 3)"
16,1121,green,[],"(1, 25)"
16,1122,green,[],"(9, 30)"
16,1123,green,[1095],"(3, 18)"
16,1124,green,[],"(7, 26)"
16,1125,yellow,[],"(10, 4)"
16,1126,yellow,[],"(10, 26)"
16,1127,yellow,[],"(10, 23)"
16,1128,yellow,[1109],"(10, 17)"
16,1129,yellow,[],"(10, 25)"
16,1130,red,[1111],"(32, 11)"
16,1131,red,[],"(21, 24)"
16,1132,red,[],"(21, 4)"
16,1133,red,[],"(21, 25)"
16,1134,red,[1118],"(32, 23)"
17,1120,green,[1097],"(6, 4)"
17,1121,green,[],"(0, 26)"
17,1122,green,[],"(8, 29)"
17,1123,green,[1095],"(2, 19)"
17,1124,green,[],"(6, 27)"
17,1125,yellow,[],"(10, 3)"
17,1126,yellow,[],"(10, 25)"
17,1127,yellow,[],"(10, 24)"
17,1128,yellow,[1109],"(10, 16)"
17,1129,yellow,[],"(10, 24)"
17,1130,red,[1111],"(32, 12)"
17,1131,red,[],"(21, 23)"
17,1132,red,[],"(21, 5)"
17,1133,red,[],"(21, 26)"
17,1134,red,[1118],"(32, 24)"
18,1120,green,[1097],"(6, 5)"
18,1121,green,[],"(1, 26)"
18,1122,green,[],"(8, 30)"
18,1123,green,[1095],"(3, 20)"
18,1124,green,[],"(5, 26)"
18,1125,yellow,[],"(10, 4)"
18,1126,yellow,[],"(10, 26)"
18,1127,yellow,[],"(10, 25)"
18,1128,yellow,[1109],"(10, 17)"
18,1129,yellow,[],"(10, 23)"
18,1130,red,[1111],"(32, 13)"
18,1131,red,[],"(21, 24)"
18,1132,red,[],"(21, 6)"
18,1133,red,[],"(21, 25)"
18,1134,red,[1118],"(32, 25)"
19,1120,green,[1097],"(6, 6)"
19,1121,green,[],"(2, 27)"
19,1122,green,[],"(8, 31)"
19,1123,green,[1095],"(2, 21)"
19,1124,green,[],"(4, 27)"
19,1125,yellow,[],"(10, 5)"
19,1126,yellow,[],"(10, 25)"
19,1127,yellow,[],"(10, 26)"
19,1128,yellow,[1109],"(10, 16)"
19,1129,yellow,[],"(10, 22)"
19,1130,red,[1111],"(32, 14)"
19,1131,red,[],"(21, 23)"
19,1132,red,[],"(21, 7)"
19,1133,red,[],"(21, 26)"
19,1134,red,[1118],"(32, 26)"
20,1120,green,[1097],"(6, 7)"
20,1121,green,[],"(1, 28)"
20,1122,green,[],"(9, 30)"
20,1123,green,[1095],"(3, 22)"
20,1124,green,[],"(3, 26)"
20,1125,yellow,[],"(10, 4)"
20,1126,yellow,[],"(10, 24)"
20,1127,yellow,[],"(10, 27)"
20,1128,yellow,[1109],"(10, 17)"
20,1129,yellow,[],"(10, 21)"
20,1130,red,[1111],"(32, 15)"
20,1131,red,[],"(21, 22)"
20,1132,red,[],"(21, 6)"
20,1133,red,[],"(21, 25)"
20,1134,red,[1118],"(32, 27)"
21,1120,green,[1097],"(6, 8)"
21,1121,green,[],"(2, 29)"
21,1122,green,[],"(10, 31)"
21,1123,green,[1095],"(4, 22)"
21,1124,green,[],"(2, 27)"
21,1125,yellow,[],"(10, 3)"
21,1126,yellow,[],"(10, 25)"
21,1127,yellow,[],"(10, 28)"
21,1128,yellow,[1109],"(10, 16)"
21,1129,yellow,[],"(10, 20)"
21,1130,red,[1111],"(32, 16)"
21,1131,red,[],"(21, 21)"
21,1132,red,[],"(21, 5)"
21,1133,red,[],"(21, 24)"
21,1134,red,[1118],"(32, 28)"
22,1120,green,[1097],"(6, 9)"
22,1121,green,[],"(3, 29)"
22,1122,green,[],"(9, 32)"
22,1123,green,[1095],"(5, 23)"
22,1124,green,[],"(1, 26)"
22,1125,yellow,[],"(10, 4)"
22,1126,yellow,[],"(10, 24)"
22,1127,yellow,[],"(10, 29)"
22,1128,yellow,[1109],"(10, 15)"
22,1129,yellow,[],"(10, 19)"
22,1130,red,[1111],"(32, 17)"
22,1131,red,[],"(21, 22)"
22,1132,red,[],"(21, 4)"
22,1133,red,[],"(21, 23)"
22,1134,red,[1118],"(32, 29)"
23,1120,green,[1097],"(6, 10)"
23,1121,green,[],"(4, 29)"
23,1122,green,[],"(8, 32)"
23,1123,green,[1095],"(6, 24)"
23,1124,green,[],"(0, 27)"
23,1125,yellow,[],"(10, 3)"
23,1126,yellow,[],"(10, 25)"
23,1127,yellow,[1098],"(10, 30)"
23,1128,yellow,[1109],"(10, 16)"
23,1129,yellow,[],"(10, 18)"
23,1130,red,[1111],"(32, 18)"
23,1131,red,[],"(21, 21)"
23,1132,red,[],"(21, 3)"
23,1133,red,[],"(21, 22)"
23,1134,red,[1118],"(32, 30)"
24,1120,green,[1097],"(7, 11)"
24,1121,green,[],"(5, 28)"
24,1122,green,[],"(9, 32)"
24,1123,green,[1095],"(7, 23)"
24,1124,green,[],"(1, 27)"
24,1125,yellow,[],"(10, 4)"
24,1126,yellow,[],"(10, 24)"
24,1127,yellow,[1098],"(10, 31)"
24,1128,yellow,[1109],"(10, 17)"
24,1129,yellow,[],"(10, 19)"
24,1130,red,[1111],"(32, 19)"
24,1131,red,[],"(21, 20)"
24,1132,red,[],"(21, 4)"
24,1133,red,[],"(21, 21)"
24,1134,red,[1118],"(32, 31)"
25,1120,green,[1097],"(7, 12)"
25,1121,green,[],"(6, 29)"
25,1122,green,[],"(10, 31)"
25,1123,green,[1095],"(8, 24)"
25,1124,green,[],"(2, 26)"
25,1125,yellow,[],"(10, 5)"
25,1126,yellow,[],"(10, 23)"
25,1127,yellow,[1098],"(10, 30)"
25,1128,yellow,[1109],"(10, 18)"
25,1129,yellow,[],"(10, 20)"
25,1130,red,[1111],"(32, 20)"
25,1131,red,[],"(21, 19)"
25,1132,red,[],"(21, 3)"
25,1133,red,[],"(21, 22)"
25,1134,red,[1118],"(32, 32)"
26,1120,green,[1097],"(8, 12)"
26,1121,green,[],"(7, 29)"
26,1122,green,[],"(9, 31)"
26,1123,green,[1095],"(9, 23)"
26,1124,green,[],"(2, 27)"
26,1125,yellow,[],"(10, 4)"
26,1126,yellow,[],"(10, 24)"
26,1127,yellow,[1098],"(10, 31)"
26,1128,yellow,[1109],"(10, 19)"
26,1129,yellow,[],"(10, 21)"
26,1130,red,[1111],"(32, 21)"
26,1131,red,[],"(21, 18)"
26,1132,red,[],"(21, 2)"
26,1133,red,[],"(21, 23)"
26,1134,red,[],"(32, 32)"
27,1120,green,[1097],"(9, 12)"
27,1121,green,[],"(8, 28)"
27,1122,green,[],"(9, 30)"
27,1123,green,[1095],"(10, 24)"
27,1124,green,[],"(2, 26)"
27,1125,yellow,[],"(10, 5)"
27,1126,yellow,[],"(10, 23)"
27,1127,yellow,[1098],"(10, 30)"
27,1128,yellow,[1109],"(10, 20)"
27,1129,yellow,[],"(10, 20)"
27,1130,red,[1111],"(32, 22)"
27,1131,red,[],"(21, 17)"
27,1132,red,[],"(21, 1)"
27,1133,red,[],"(21, 24)"
27,1134,red,[],"(31, 32)"
28,1120,green,[1097],"(10, 12)"
28,1121,green,[],"(9, 29)"
28,1122,green,[],"(10, 31)"
28,1123,green,[1095],"(9, 24)"
28,1124,green,[],"(3, 25)"
28,1125,yellow,[],"(10, 6)"
28,1126,yellow,[],"(10, 24)"
28,1127,yellow,[1098],"(10, 31)"
28,1128,yellow,[1109],"(10, 21)"
28,1129,yellow,[],"(10, 19)"
28,1130,red,[1111],"(32, 23)"
28,1131,red,[],"(21, 18)"
28,1132,red,[],"(21, 0)"
28,1133,red,[],"(21, 25)"
28,1134,red,[],"(30, 32)"
29,1120,green,[],"(10, 12)"
29,1121,green,[],"(10, 28)"
29,1122,green,[],"(9, 32)"
29,1123,green,[1095],"(10, 23)"
29,1124,green,[],"(3, 24)"
29,1125,yellow,[],"(10, 5)"
29,1126,yellow,[],"(10, 25)"
29,1127,yellow,[1098],"(10, 32)"
29,1128,yellow,[1109],"(10, 20)"
29,1129,yellow,[],"(10, 20)"
29,1130,red,[1111],"(32, 24)"
29,1131,red,[],"(21, 19)"
29,1132,red,[],"(21, 1)"
29,1133,red,[],"(21, 24)"
29,1134,red,[],"(29, 32)"
30,1120,green,[],"(9, 12)"
30,1121,green,[],"(10, 27)"
30,1122,green,[],"(9, 31)"
30,1123,green,[1095],"(10, 22)"
30,1124,green,[],"(2, 23)"
30,1125,yellow,[],"(10, 4)"
30,1126,yellow,[],"(10, 24)"
30,1127,yellow,[1098],"(10, 31)"
30,1128,yellow,[1109],"(10, 21)"
30,1129,yellow,[],"(10, 21)"
30,1130,red,[1111],"(32, 25)"
30,1131,red,[],"(21, 18)"
30,1132,red,[],"(21, 0)"
30,1133,red,[],"(21, 23)"
30,1134,red,[],"(28, 32)"
31,1120,green,[],"(8, 12)"
31,1121,green,[],"(9, 26)"
31,1122,green,[],"(10, 30)"
31,1123,green,[1095],"(10, 21)"
31,1124,green,[],"(3, 24)"
31,1125,yellow,[],"(10, 3)"
31,1126,yellow,[],"(10, 25)"
31,1127,yellow,[1098],"(10, 30)"
31,1128,yellow,[1109],"(10, 22)"
31,1129,yellow,[],"(10, 22)"
31,1130,red,[1111],"(32, 26)"
31,1131,red,[],"(21, 17)"
31,1132,red,[],"(21, 1)"
31,1133,red,[],"(21, 22)"
31,1134,red,[],"(27, 32)"
32,1120,green,[],"(7, 11)"
32,1121,green,[],"(10, 25)"
32,1122,green,[],"(9, 31)"
32,1123,green,[1095],"(10, 20)"
32,1124,green,[],"(2, 25)"
32,1125,yellow,[],"(10, 4)"
32,1126,yellow,[],"(10, 24)"
32,1127,yellow,[1098],"(10, 29)"
32,1128,yellow,[1109],"(10, 21)"
32,1129,yellow,[],"(10, 23)"
32,1130,red,[1111],"(32, 27)"
32,1131,red,[],"(21, 16)"
32,1132,red,[],"(21, 0)"
32,1133,red,[],"(21, 23)"
32,1134,red,[],"(26, 32)"
33,1120,green,[],"(6, 10)"
33,1121,green,[],"(9, 25)"
33,1122,green,[],"(8, 32)"
33,1123,green,[1095],"(9, 21)"
33,1124,green,[],"(3, 24)"
33,1125,yellow,[],"(10, 3)"
33,1126,yellow,[],"(10, 25)"
33,1127,yellow,[1098],"(10, 28)"
33,1128,yellow,[1109],"(10, 22)"
33,1129,yellow,[],"(10, 24)"
33,1130,red,[1111],"(32, 28)"
33,1131,red,[],"(21, 17)"
33,1132,red,[],"(21, 1)"
33,1133,red,[],"(21, 22)"
33,1134,red,[],"(25, 32)"
34,1120,green,[],"(5, 11)"
34,1121,green,[],"(10, 24)"
34,1122,green,[],"(9, 32)"
34,1123,green,[1095],"(9, 22)"
34,1124,green,[],"(4, 23)"
34,1125,yellow,[],"(10, 4)"
34,1126,yellow,[],"(10, 26)"
34,1127,yellow,[1098],"(10, 29)"
34,1128,yellow,[1109],"(10, 21)"
34,1129,yellow,[],"(10, 25)"
34,1130,red,[1111],"(32, 29)"
34,1131,red,[],"(21, 18)"
34,1132,red,[],"(21, 0)"
34,1133,red,[],"(21, 23)"
34,1134,red,[],"(24, 32)"
35,1120,green,[],"(4, 10)"
35,1121,green,[],"(9, 25)"
35,1122,green,[],"(10, 32)"
35,1123,green,[1095],"(10, 22)"
35,1124,green,[],"(3, 23)"
35,1125,yellow,[],"(10, 5)"
35,1126,yellow,[],"(10, 25)"
35,1127,yellow,[1098],"(10, 30)"
35,1128,yellow,[1109],"(10, 22)"
35,1129,yellow,[],"(10, 24)"
35,1130,red,[1111],"(32, 30)"
35,1131,red,[],"(21, 17)"
35,1132,red,[],"(21, 1)"
35,1133,red,[],"(21, 24)"
35,1134,red,[],"(23, 32)"
36,1120,green,[],"(4, 9)"
36,1121,green,[],"(9, 26)"
36,1122,green,[],"(10, 31)"
36,1123,green,[1095],"(10, 23)"
36,1124,green,[],"(3, 22)"
36,1125,yellow,[],"(10, 4)"
36,1126,yellow,[],"(10, 24)"
36,1127,yellow,[1098],"(10, 31)"
36,1128,yellow,[1109],"(10, 21)"
36,1129,yellow,[],"(10, 25)"
36,1130,red,[1111],"(32, 31)"
36,1131,red,[],"(21, 18)"
36,1132,red,[],"(21, 2)"
36,1133,red,[],"(21, 23)"
36,1134,red,[],"(22, 32)"
37,1120,green,[],"(5, 8)"
37,1121,green,[],"(9, 25)"
37,1122,green,[],"(9, 31)"
37,1123,green,[1095],"(10, 24)"
37,1124,green,[],"(2, 23)"
37,1125,yellow,[],"(10, 3)"
37,1126,yellow,[],"(10, 23)"
37,1127,yellow,[1098],"(10, 32)"
37,1128,yellow,[1109],"(10, 22)"
37,1129,yellow,[],"(10, 26)"
37,1130,red,[1111],"(32, 32)"
37,1131,red,[],"(21, 19)"
37,1132,red,[],"(21, 3)"
37,1133,red,[],"(21, 22)"
37,1134,red,[],"(21, 32)"
38,1120,green,[1091],"(4, 7)"
38,1121,green,[],"(10, 24)"
38,1122,green,[],"(8, 30)"
38,1123,green,[1095],"(9, 23)"
38,1124,green,[],"(1, 23)"
38,1125,yellow,[],"(10, 4)"
38,1126,yellow,[],"(10, 24)"
38,1127,yellow,[1098],"(10, 31)"
38,1128,yellow,[1109],"(10, 23)"
38,1129,yellow,[],"(10, 25)"
38,1130,red,[],"(32, 32)"
38,1131,red,[],"(21, 20)"
38,1132,red,[],"(21, 4)"
38,1133,red,[],"(21, 23)"
38,1134,red,[],"(21, 31)"
39,1120,green,[1091],"(5, 6)"
39,1121,green,[],"(9, 24)"
39,1122,green,[],"(7, 29)"
39,1123,green,[1095],"(10, 23)"
39,1124,green,[],"(0, 24)"
39,1125,yellow,[],"(10, 5)"
39,1126,yellow,[],"(10, 25)"
39,1127,yellow,[1098],"(10, 30)"
39,1128,yellow,[1109],"(10, 24)"
39,1129,yellow,[],"(10, 24)"
39,1130,red,[],"(31, 32)"
39,1131,red,[],"(21, 21)"
39,1132,red,[],"(21, 5)"
39,1133,red,[],"(21, 24)"
39,1134,red,[],"(21, 32)"
40,1120,green,[1091],"(4, 5)"
40,1121,green,[],"(8, 25)"
40,1122,green,[],"(6, 28)"
40,1123,green,[1095],"(10, 24)"
40,1124,green,[],"(1, 25)"
40,1125,yellow,[],"(10, 4)"
40,1126,yellow,[],"(10, 26)"
40,1127,yellow,[1098],"(10, 29)"
40,1128,yellow,[1109],"(10, 25)"
40,1129,yellow,[],"(10, 25)"
40,1130,red,[],"(30, 32)"
40,1131,red,[],"(21, 20)"
40,1132,red,[],"(21, 4)"
40,1133,red,[],"(21, 23)"
40,1134,red,[],"(21, 31)"
41,1120,green,[1091],"(5, 4)"
41,1121,green,[],"(7, 24)"
41,1122,green,[],"(5, 29)"
41,1123,green,[1095],"(10, 23)"
41,1124,green,[],"(0, 26)"
41,1125,yellow,[],"(10, 5)"
41,1126,yellow,[],"(10, 27)"
41,1127,yellow,[1098],"(10, 30)"
41,1128,yellow,[1109],"(10, 26)"
41,1129,yellow,[],"(10, 26)"
41,1130,red,[],"(29, 32)"
41,1131,red,[],"(21, 19)"
41,1132,red,[],"(21, 5)"
41,1133,red,[],"(21, 22)"
41,1134,red,[],"(21, 32)"
42,1120,green,[1091],"(4, 3)"
42,1121,green,[],"(6, 25)"
42,1122,green,[],"(6, 30)"
42,1123,green,[1095],"(10, 24)"
42,1124,green,[],"(1, 26)"
42,1125,yellow,[],"(10, 4)"
42,1126,yellow,[],"(10, 26)"
42,1127,yellow,[1098],"(10, 31)"
42,1128,yellow,[1109],"(10, 25)"
42,1129,yellow,[],"(10, 25)"
42,1130,red,[],"(28, 32)"
42,1131,red,[],"(21, 20)"
42,1132,red,[],"(21, 4)"
42,1133,red,[],"(21, 21)"
42,1134,red,[],"(21, 31)"
43,1120,green,[1091],"(5, 2)"
43,1121,green,[],"(6, 24)"
43,1122,green,[],"(5, 31)"
43,1123,green,[1095],"(9, 25)"
43,1124,green,[],"(0, 25)"
43,1125,yellow,[],"(10, 5)"
43,1126,yellow,[],"(10, 25)"
43,1127,yellow,[1098],"(10, 30)"
43,1128,yellow,[1109],"(10, 26)"
43,1129,yellow,[],"(10, 24)"
43,1130,red,[],"(27, 32)"
43,1131,red,[],"(21, 19)"
43,1132,red,[],"(21, 3)"
43,1133,red,[],"(21, 22)"
43,1134,red,[],"(21, 32)"
44,1120,green,[1091],"(4, 1)"
44,1121,green,[],"(5, 23)"
44,1122,green,[],"(6, 31)"
44,1123,green,[1095],"(10, 26)"
44,1124,green,[],"(1, 24)"
44,1125,yellow,[],"(10, 6)"
44,1126,yellow,[],"(10, 24)"
44,1127,yellow,[1098],"(10, 31)"
44,1128,yellow,[1109],"(10, 27)"
44,1129,yellow,[],"(10, 25)"
44,1130,red,[],"(26, 32)"
44,1131,red,[],"(21, 20)"
44,1132,red,[],"(21, 4)"
44,1133,red,[],"(21, 23)"
44,1134,red,[],"(21, 31)"
45,1120,green,[1091],"(5, 0)"
45,1121,green,[],"(6, 23)"
45,1122,green,[],"(7, 31)"
45,1123,green,[1095],"(9, 27)"
45,1124,green,[],"(0, 24)"
45,1125,yellow,[],"(10, 5)"
45,1126,yellow,[],"(10, 25)"
45,1127,yellow,[1098],"(10, 32)"
45,1128,yellow,[1109],"(10, 28)"
45,1129,yellow,[],"(10, 24)"
45,1130,red,[],"(25, 32)"
45,1131,red,[],"(21, 19)"
45,1132,red,[],"(21, 5)"
45,1133,red,[],"(21, 24)"
45,1134,red,[],"(21, 30)"
46,1120,green,[1091],"(6, 1)"
46,1121,green,[],"(5, 23)"
46,1122,green,[],"(6, 31)"
46,1123,green,[1095],"(10, 28)"
46,1124,green,[],"(0, 23)"
46,1125,yellow,[],"(10, 4)"
46,1126,yellow,[],"(10, 26)"
46,1127,yellow,[1098],"(10, 31)"
46,1128,yellow,[1109],"(10, 29)"
46,1129,yellow,[],"(10, 23)"
46,1130,red,[],"(24, 32)"
46,1131,red,[],"(21, 20)"
46,1132,red,[],"(21, 6)"
46,1133,red,[],"(21, 23)"
46,1134,red,[],"(21, 31)"
47,1120,green,[1091],"(7, 2)"
47,1121,green,[],"(4, 23)"
47,1122,green,[],"(5, 30)"
47,1123,green,[1095],"(9, 29)"
47,1124,green,[],"(0, 24)"
47,1125,yellow,[],"(10, 5)"
47,1126,yellow,[],"(10, 27)"
47,1127,yellow,[1098],"(10, 30)"
47,1128,yellow,[1109],"(10, 28)"
47,1129,yellow,[],"(10, 22)"
47,1130,red,[],"(23, 32)"
47,1131,red,[],"(21, 21)"
47,1132,red,[],"(21, 5)"
47,1133,red,[],"(21, 22)"
47,1134,red,[],"(21, 32)"
48,1120,green,[1091],"(7, 3)"
48,1121,green,[],"(3, 23)"
48,1122,green,[],"(4, 29)"
48,1123,green,[1095],"(8, 30)"
48,1124,green,[],"(0, 25)"
48,1125,yellow,[],"(10, 6)"
48,1126,yellow,[],"(10, 26)"
48,1127,yellow,[1098],"(10, 29)"
48,1128,yellow,[1109],"(10, 27)"
48,1129,yellow,[],"(10, 23)"
48,1130,red,[],"(22, 32)"
48,1131,red,[],"(21, 22)"
48,1132,red,[],"(21, 6)"
48,1133,red,[],"(21, 21)"
48,1134,red,[],"(21, 31)"
49,1120,green,[1091],"(7, 4)"
49,1121,green,[],"(2, 22)"
49,1122,green,[],"(3, 30)"
49,1123,green,[1095],"(7, 29)"
49,1124,green,[],"(0, 26)"
49,1125,yellow,[],"(10, 7)"
49,1126,yellow,[],"(10, 25)"
49,1127,yellow,[1098],"(10, 28)"
49,1128,yellow,[1109],"(10, 28)"
49,1129,yellow,[],"(10, 24)"
49,1130,red,[],"(21, 32)"
49,1131,red,[],"(21, 23)"
49,1132,red,[],"(21, 5)"
49,1133,red,[],"(21, 22)"
49,1134,red,[],"(21, 30)"
50,1120,green,[1091],"(7, 5)"
50,1121,green,[],"(1, 21)"
50,1122,green,[],"(3, 31)"
50,1123,green,[1095],"(6, 30)"
50,1124,green,[],"(1, 27)"
50,1125,yellow,[],"(10, 6)"
50,1126,yellow,[],"(10, 24)"
50,1127,yellow,[1098],"(10, 27)"
50,1128,yellow,[],"(10, 29)"
50,1129,yellow,[],"(10, 23)"
50,1130,red,[],"(21, 31)"
50,1131,red,[],"(21, 22)"
50,1132,red,[],"(21, 6)"
50,1133,red,[],"(21, 21)"
50,1134,red,[],"(21, 29)"
51,1120,green,[1091],"(7, 6)"
51,1121,green,[],"(0, 22)"
51,1122,green,[],"(4, 30)"
51,1123,green,[1095],"(5, 29)"
51,1124,green,[],"(0, 27)"
51,1125,yellow,[],"(10, 7)"
51,1126,yellow,[],"(10, 25)"
51,1127,yellow,[1098],"(11, 27)"
51,1128,yellow,[],"(10, 30)"
51,1129,yellow,[],"(10, 24)"
51,1130,red,[],"(21, 30)"
51,1131,red,[],"(21, 23)"
51,1132,red,[],"(21, 5)"
51,1133,red,[],"(21, 22)"
51,1134,red,[],"(21, 28)"
52,1120,green,[1091],"(7, 7)"
52,1121,green,[],"(1, 23)"
52,1122,green,[],"(5, 30)"
52,1123,green,[1095],"(4, 30)"
52,1124,green,[],"(1, 26)"
52,1125,yellow,[],"(10, 6)"
52,1126,yellow,[],"(10, 26)"
52,1127,yellow,[1098],"(12, 27)"
52,1128,yellow,[],"(10, 31)"
52,1129,yellow,[],"(10, 25)"
52,1130,red,[],"(21, 29)"
52,1131,red,[],"(21, 24)"
52,1132,red,[],"(21, 4)"
52,1133,red,[],"(21, 23)"
52,1134,red,[],"(21, 27)"
53,1120,green,[1091],"(8, 7)"
53,1121,green,[],"(0, 22)"
53,1122,green,[],"(6, 31)"
53,1123,green,[1095],"(3, 29)"
53,1124,green,[],"(2, 25)"
53,1125,yellow,[],"(10, 5)"
53,1126,yellow,[],"(10, 27)"
53,1127,yellow,[1098],"(13, 27)"
53,1128,yellow,[],"(10, 32)"
53,1129,yellow,[],"(10, 24)"
53,1130,red,[],"(21, 30)"
53,1131,red,[],"(21, 25)"
53,1132,red,[],"(21, 3)"
53,1133,red,[],"(21, 24)"
53,1134,red,[],"(21, 26)"
54,1120,green,[1091],"(9, 6)"
54,1121,green,[],"(0, 21)"
54,1122,green,[],"(7, 31)"
54,1123,green,[1095],"(2, 28)"
54,1124,green,[],"(3, 25)"
54,1125,yellow,[],"(10, 6)"
54,1126,yellow,[],"(10, 26)"
54,1127,yellow,[1098],"(14, 27)"
54,1128,yellow,[],"(10, 31)"
54,1129,yellow,[],"(10, 23)"
54,1130,red,[],"(21, 29)"
54,1131,red,[],"(21, 24)"
54,1132,red,[],"(21, 4)"
54,1133,red,[],"(21, 23)"
54,1134,red,[],"(21, 25)"
55,1120,green,[1091],"(8, 7)"
55,1121,green,[],"(1, 21)"
55,1122,green,[],"(8, 30)"
55,1123,green,[1095],"(3, 27)"
55,1124,green,[],"(2, 26)"
55,1125,yellow,[],"(10, 7)"
55,1126,yellow,[],"(10, 27)"
55,1127,yellow,[1098],"(15, 27)"
55,1128,yellow,[],"(10, 32)"
55,1129,yellow,[],"(10, 22)"
55,1130,red,[],"(21, 28)"
55,1131,red,[],"(21, 23)"
55,1132,red,[],"(21, 3)"
55,1133,red,[],"(21, 24)"
55,1134,red,[],"(21, 26)"
56,1120,green,[1091],"(7, 7)"
56,1121,green,[],"(2, 20)"
56,1122,green,[],"(9, 29)"
56,1123,green,[1095],"(2, 26)"
56,1124,green,[],"(2, 27)"
56,1125,yellow,[],"(10, 6)"
56,1126,yellow,[],"(10, 26)"
56,1127,yellow,[1098],"(16, 27)"
56,1128,yellow,[],"(10, 31)"
56,1129,yellow,[],"(10, 23)"
56,1130,red,[],"(21, 29)"
56,1131,red,[],"(21, 22)"
56,1132,red,[],"(21, 4)"
56,1133,red,[],"(21, 23)"
56,1134,red,[],"(21, 27)"
57,1120,green,[1091],"(8, 7)"
57,1121,green,[],"(1, 19)"
57,1122,green,[],"(10, 28)"
57,1123,green,[1095],"(3, 25)"
57,1124,green,[],"(1, 26)"
57,1125,yellow,[],"(10, 5)"
57,1126,yellow,[],"(10, 27)"
57,1127,yellow,[1098],"(17, 27)"
57,1128,yellow,[],"(10, 30)"
57,1129,yellow,[],"(10, 22)"
57,1130,red,[],"(21, 30)"
57,1131,red,[],"(21, 21)"
57,1132,red,[],"(21, 5)"
57,1133,red,[],"(21, 22)"
57,1134,red,[],"(21, 26)"
58,1120,green,[1091],"(8, 6)"
58,1121,green,[],"(2, 18)"
58,1122,green,[],"(10, 29)"
58,1123,green,[1095],"(2, 24)"
58,1124,green,[],"(1, 27)"
58,1125,yellow,[],"(10, 6)"
58,1126,yellow,[],"(10, 28)"
58,1127,yellow,[1098],"(18, 27)"
58,1128,yellow,[],"(10, 31)"
58,1129,yellow,[],"(10, 21)"
58,1130,red,[],"(21, 29)"
58,1131,red,[],"(21, 22)"
58,1132,red,[],"(21, 6)"
58,1133,red,[],"(21, 23)"
58,1134,red,[],"(21, 27)"
59,1120,green,[1091],"(8, 7)"
59,1121,green,[1096],"(1, 17)"
59,1122,green,[],"(10, 28)"
59,1123,green,[1095],"(1, 23)"
59,1124,green,[],"(1, 26)"
59,1125,yellow,[],"(10, 7)"
59,1126,yellow,[],"(10, 29)"
59,1127,yellow,[1098],"(19, 27)"
59,1128,yellow,[],"(10, 30)"
59,1129,yellow,[],"(10, 20)"
59,1130,red,[],"(21, 28)"
59,1131,red,[],"(21, 23)"
59,1132,red,[],"(21, 5)"
59,1133,red,[],"(21, 24)"
59,1134,red,[],"(21, 26)"
60,1120,green,[1091],"(7, 7)"
60,1121,green,[1096],"(2, 16)"
60,1122,green,[],"(10, 29)"
60,1123,green,[1095],"(0, 22)"
60,1124,green,[],"(2, 25)"
60,1125,yellow,[],"(10, 8)"
60,1126,yellow,[],"(10, 30)"
60,1127,yellow,[1098],"(20, 27)"
60,1128,yellow,[],"(10, 29)"
60,1129,yellow,[],"(10, 19)"
60,1130,red,[],"(21, 27)"
60,1131,red,[],"(21, 24)"
60,1132,red,[],"(21, 4)"
60,1133,red,[],"(21, 25)"
60,1134,red,[],"(21, 27)"
61,1120,green,[1091],"(7, 8)"
61,1121,green,[1096],"(1, 15)"
61,1122,green,[],"(9, 30)"
61,1123,green,[1095],"(0, 21)"
61,1124,green,[],"(3, 25)"
61,1125,yellow,[],"(10, 7)"
61,1126,yellow,[],"(10, 31)"
61,1127,yellow,[1098],"(21, 27)"
61,1128,yellow,[],"(10, 30)"
61,1129,yellow,[],"(10, 20)"
61,1130,red,[],"(21, 26)"
61,1131,red,[],"(21, 25)"
61,1132,red,[],"(21, 3)"
61,1133,red,[],"(21, 24)"
61,1134,red,[],"(21, 28)"
62,1120,green,[1091],"(7, 7)"
62,1121,green,[1096],"(2, 14)"
62,1122,green,[],"(8, 29)"
62,1123,green,[1095],"(0, 20)"
62,1124,green,[],"(2, 25)"
62,1125,yellow,[],"(10, 6)"
62,1126,yellow,[],"(10, 30)"
62,1127,yellow,[],"(21, 27)"
62,1128,yellow,[],"(10, 31)"
62,1129,yellow,[],"(10, 21)"
62,1130,red,[],"(21, 25)"
62,1131,red,[],"(21, 26)"
62,1132,red,[],"(21, 2)"
62,1133,red,[],"(21, 25)"
62,1134,red,[],"(21, 29)"
63,1120,green,[1091],"(6, 6)"
63,1121,green,[1096],"(3, 14)"
63,1122,green,[],"(9, 29)"
63,1123,green,[1095],"(0, 19)"
63,1124,green,[],"(1, 25)"
63,1125,yellow,[],"(10, 5)"
63,1126,yellow,[],"(10, 29)"
63,1127,yellow,[],"(20, 27)"
63,1128,yellow,[],"(10, 32)"
63,1129,yellow,[],"(10, 20)"
63,1130,red,[],"(21, 26)"
63,1131,red,[],"(21, 25)"
63,1132,red,[],"(21, 3)"
63,1133,red,[],"(21, 24)"
63,1134,red,[],"(21, 28)"
64,1120,green,[1091],"(5, 5)"
64,1121,green,[1096],"(4, 15)"
64,1122,green,[],"(8, 29)"
64,1123,green,[1095],"(1, 18)"
64,1124,green,[],"(2, 24)"
64,1125,yellow,[],"(10, 4)"
64,1126,yellow,[],"(10, 28)"
64,1127,yellow,[],"(19, 27)"
64,1128,yellow,[],"(10, 31)"
64,1129,yellow,[],"(10, 19)"
64,1130,red,[1098],"(21, 27)"
64,1131,red,[],"(21, 26)"
64,1132,red,[],"(21, 4)"
64,1133,red,[],"(21, 23)"
64,1134,red,[],"(21, 29)"
65,1120,green,[1091],"(6, 4)"
65,1121,green,[1096],"(5, 14)"
65,1122,green,[],"(8, 28)"
65,1123,green,[1095],"(1, 17)"
65,1124,green,[],"(3, 24)"
65,1125,yellow,[],"(10, 5)"
65,1126,yellow,[],"(10, 27)"
65,1127,yellow,[],"(18, 27)"
65,1128,yellow,[],"(10, 30)"
65,1129,yellow,[],"(10, 20)"
65,1130,red,[1098],"(22, 27)"
65,1131,red,[],"(21, 25)"
65,1132,red,[],"(21, 5)"
65,1133,red,[],"(21, 22)"
65,1134,red,[],"(21, 28)"
66,1120,green,[1091],"(6, 5)"
66,1121,green,[1096],"(6, 15)"
66,1122,green,[],"(7, 29)"
66,1123,green,[1095],"(0, 16)"
66,1124,green,[],"(2, 24)"
66,1125,yellow,[],"(10, 4)"
66,1126,yellow,[],"(10, 28)"
66,1127,yellow,[],"(17, 27)"
66,1128,yellow,[],"(10, 31)"
66,1129,yellow,[],"(10, 21)"
66,1130,red,[1098],"(23, 27)"
66,1131,red,[],"(21, 24)"
66,1132,red,[],"(21, 4)"
66,1133,red,[],"(21, 23)"
66,1134,red,[],"(21, 27)"
67,1120,green,[1091],"(5, 4)"
67,1121,green,[1096],"(7, 14)"
67,1122,green,[],"(6, 28)"
67,1123,green,[1095],"(0, 15)"
67,1124,green,[],"(3, 23)"
67,1125,yellow,[],"(10, 3)"
67,1126,yellow,[],"(10, 29)"
67,1127,yellow,[],"(16, 27)"
67,1128,yellow,[],"(10, 32)"
67,1129,yellow,[],"(10, 20)"
67,1130,red,[1098],"(24, 27)"
67,1131,red,[],"(21, 25)"
67,1132,red,[],"(21, 3)"
67,1133,red,[],"(21, 24)"
67,1134,red,[],"(21, 26)"
68,1120,green,[1091],"(4, 5)"
68,1121,green,[1096],"(8, 15)"
68,1122,green,[],"(5, 27)"
68,1123,green,[1095],"(1, 14)"
68,1124,green,[],"(2, 23)"
68,1125,yellow,[],"(10, 2)"
68,1126,yellow,[],"(10, 28)"
68,1127,yellow,[],"(15, 27)"
68,1128,yellow,[],"(10, 31)"
68,1129,yellow,[],"(10, 21)"
68,1130,red,[1098],"(25, 27)"
68,1131,red,[],"(21, 24)"
68,1132,red,[],"(21, 2)"
68,1133,red,[],"(21, 23)"
68,1134,red,[],"(21, 27)"
69,1120,green,[1091],"(5, 5)"
69,1121,green,[1096],"(9, 16)"
69,1122,green,[],"(4, 26)"
69,1123,green,[1095],"(2, 15)"
69,1124,green,[],"(2, 22)"
69,1125,yellow,[],"(10, 1)"
69,1126,yellow,[],"(10, 27)"
69,1127,yellow,[],"(14, 27)"
69,1128,yellow,[],"(10, 30)"
69,1129,yellow,[],"(10, 20)"
69,1130,red,[1098],"(26, 27)"
69,1131,red,[],"(21, 25)"
69,1132,red,[],"(21, 3)"
69,1133,red,[],"(21, 22)"
69,1134,red,[],"(21, 28)"
70,1120,green,[1091],"(4, 5)"
70,1121,green,[1096],"(10, 15)"
70,1122,green,[],"(3, 25)"
70,1123,green,[1095],"(3, 15)"
70,1124,green,[],"(3, 23)"
70,1125,yellow,[],"(10, 2)"
70,1126,yellow,[],"(10, 26)"
70,1127,yellow,[],"(13, 27)"
70,1128,yellow,[],"(10, 31)"
70,1129,yellow,[],"(10, 21)"
70,1130,red,[1098],"(27, 27)"
70,1131,red,[],"(21, 24)"
70,1132,red,[],"(21, 2)"
70,1133,red,[],"(21, 23)"
70,1134,red,[],"(21, 27)"
71,1120,green,[1091],"(4, 6)"
71,1121,green,[1096],"(9, 14)"
71,1122,green,[],"(4, 24)"
71,1123,green,[1095],"(4, 16)"
71,1124,green,[],"(4, 23)"
71,1125,yellow,[],"(10, 3)"
71,1126,yellow,[],"(10, 27)"
71,1127,yellow,[],"(12, 27)"
71,1128,yellow,[],"(10, 30)"
71,1129,yellow,[],"(10, 20)"
71,1130,red,[1098],"(28, 27)"
71,1131,red,[],"(21, 23)"
71,1132,red,[],"(21, 1)"
71,1133,red,[],"(21, 24)"
71,1134,red,[],"(21, 28)"
72,1120,green,[1091],"(3, 5)"
72,1121,green,[1096],"(10, 13)"
72,1122,green,[],"(3, 23)"
72,1123,green,[1095],"(5, 17)"
72,1124,green,[],"(5, 23)"
72,1125,yellow,[],"(10, 4)"
72,1126,yellow,[],"(10, 28)"
72,1127,yellow,[],"(11, 27)"
72,1128,yellow,[],"(10, 29)"
72,1129,yellow,[],"(10, 21)"
72,1130,red,[1098],"(29, 27)"
72,1131,red,[],"(21, 22)"
72,1132,red,[],"(21, 2)"
72,1133,red,[],"(21, 25)"
72,1134,red,[],"(21, 27)"
73,1120,green,[1091],"(2, 5)"
73,1121,green,[1096],"(9, 12)"
73,1122,green,[],"(4, 22)"
73,1123,green,[1095],"(4, 17)"
73,1124,green,[],"(6, 24)"
73,1125,yellow,[],"(10, 3)"
73,1126,yellow,[],"(10, 29)"
73,1127,yellow,[],"(10, 27)"
73,1128,yellow,[],"(10, 28)"
73,1129,yellow,[],"(10, 20)"
73,1130,red,[1098],"(30, 27)"
73,1131,red,[],"(21, 23)"
73,1132,red,[],"(21, 3)"
73,1133,red,[],"(21, 26)"
73,1134,red,[],"(21, 26)"
74,1120,green,[1091],"(3, 5)"
74,1121,green,[1096],"(8, 12)"
74,1122,green,[],"(5, 21)"
74,1123,green,[1095],"(3, 17)"
74,1124,green,[],"(7, 24)"
74,1125,yellow,[],"(10, 2)"
74,1126,yellow,[],"(10, 28)"
74,1127,yellow,[],"(10, 28)"
74,1128,yellow,[],"(10, 27)"
74,1129,yellow,[],"(10, 19)"
74,1130,red,[1098],"(31, 27)"
74,1131,red,[],"(21, 22)"
74,1132,red,[],"(21, 4)"
74,1133,red,[],"(21, 27)"
74,1134,red,[],"(21, 27)"
75,1120,green,[1091],"(4, 5)"
75,1121,green,[1096],"(7, 11)"
75,1122,green,[],"(4, 20)"
75,1123,green,[1095],"(4, 17)"
75,1124,green,[],"(6, 24)"
75,1125,yellow,[],"(10, 3)"
75,1126,yellow,[],"(10, 29)"
75,1127,yellow,[],"(10, 29)"
75,1128,yellow,[],"(10, 26)"
75,1129,yellow,[],"(10, 20)"
75,1130,red,[1098],"(32, 27)"
75,1131,red,[],"(21, 23)"
75,1132,red,[],"(21, 5)"
75,1133,red,[],"(21, 26)"
75,1134,red,[],"(21, 26)"
76,1120,green,[1091],"(5, 5)"
76,1121,green,[1096],"(6, 11)"
76,1122,green,[],"(5, 19)"
76,1123,green,[1095],"(5, 18)"
76,1124,green,[],"(6, 23)"
76,1125,yellow,[],"(10, 4)"
76,1126,yellow,[],"(10, 28)"
76,1127,yellow,[],"(10, 28)"
76,1128,yellow,[],"(10, 25)"
76,1129,yellow,[],"(10, 19)"
76,1130,red,[1098],"(32, 28)"
76,1131,red,[],"(21, 24)"
76,1132,red,[],"(21, 4)"
76,1133,red,[],"(21, 27)"
76,1134,red,[],"(21, 25)"
77,1120,green,[1091],"(6, 5)"
77,1121,green,[1096],"(5, 11)"
77,1122,green,[],"(6, 18)"
77,1123,green,[1095],"(4, 18)"
77,1124,green,[],"(7, 22)"
77,1125,yellow,[],"(10, 5)"
77,1126,yellow,[],"(10, 29)"
77,1127,yellow,[],"(10, 29)"
77,1128,yellow,[],"(10, 24)"
77,1129,yellow,[],"(10, 18)"
77,1130,red,[1098],"(32, 29)"
77,1131,red,[],"(21, 25)"
77,1132,red,[],"(21, 3)"
77,1133,red,[],"(21, 26)"
77,1134,red,[],"(21, 24)"
78,1120,green,[1091],"(7, 5)"
78,1121,green,[1096],"(4, 11)"
78,1122,green,[],"(7, 19)"
78,1123,green,[1095],"(5, 17)"
78,1124,green,[],"(7, 21)"
78,1125,yellow,[],"(10, 4)"
78,1126,yellow,[],"(10, 28)"
78,1127,yellow,[],"(10, 30)"
78,1128,yellow,[],"(10, 25)"
78,1129,yellow,[],"(10, 19)"
78,1130,red,[1098],"(32, 30)"
78,1131,red,[],"(21, 26)"
78,1132,red,[],"(21, 4)"
78,1133,red,[],"(21, 27)"
78,1134,red,[],"(21, 23)"
79,1120,green,[1091],"(8, 5)"
79,1121,green,[1096],"(3, 11)"
79,1122,green,[],"(8, 18)"
79,1123,green,[1095],"(4, 16)"
79,1124,green,[],"(6, 20)"
79,1125,yellow,[],"(10, 5)"
79,1126,yellow,[],"(10, 27)"
79,1127,yellow,[],"(10, 29)"
79,1128,yellow,[],"(10, 24)"
79,1129,yellow,[],"(10, 18)"
79,1130,red,[1098],"(32, 31)"
79,1131,red,[],"(21, 27)"
79,1132,red,[],"(21, 3)"
79,1133,red,[],"(21, 26)"
79,1134,red,[],"(21, 24)"
80,1120,green,[1091],"(9, 5)"
80,1121,green,[1096],"(2, 12)"
80,1122,green,[],"(9, 18)"
80,1123,green,[1095],"(3, 17)"
80,1124,green,[],"(5, 19)"
80,1125,yellow,[],"(10, 6)"
80,1126,yellow,[],"(10, 26)"
80,1127,yellow,[],"(10, 30)"
80,1128,yellow,[],"(10, 25)"
80,1129,yellow,[],"(10, 19)"
80,1130,red,[1098],"(32, 32)"
80,1131,red,[],"(21, 26)"
80,1132,red,[],"(21, 4)"
80,1133,red,[],"(21, 27)"
80,1134,red,[],"(21, 23)"
81,1120,green,[1091],"(10, 5)"
81,1121,green,[1096],"(1, 11)"
81,1122,green,[],"(10, 19)"
81,1123,green,[1095],"(2, 16)"
81,1124,green,[],"(6, 18)"
81,1125,yellow,[],"(10, 7)"
81,1126,yellow,[],"(10, 25)"
81,1127,yellow,[],"(10, 29)"
81,1128,yellow,[],"(10, 24)"
81,1129,yellow,[],"(10, 18)"
81,1130,red,[],"(32, 32)"
81,1131,red,[],"(21, 27)"
81,1132,red,[],"(21, 5)"
81,1133,red,[],"(21, 26)"
81,1134,red,[],"(21, 22)"
82,1120,green,[],"(10, 5)"
82,1121,green,[1096],"(0, 12)"
82,1122,green,[],"(10, 18)"
82,1123,green,[1095],"(3, 15)"
82,1124,green,[],"(5, 17)"
82,1125,yellow,[],"(10, 8)"
82,1126,yellow,[],"(10, 26)"
82,1127,yellow,[],"(10, 30)"
82,1128,yellow,[],"(10, 23)"
82,1129,yellow,[],"(10, 17)"
82,1130,red,[],"(31, 32)"
82,1131,red,[],"(21, 26)"
82,1132,red,[],"(21, 6)"
82,1133,red,[],"(21, 27)"
82,1134,red,[],"(21, 23)"
83,1120,green,[],"(10, 4)"
83,1121,green,[1096],"(0, 13)"
83,1122,green,[],"(10, 17)"
83,1123,green,[1095],"(3, 16)"
83,1124,green,[],"(4, 18)"
83,1125,yellow,[],"(10, 7)"
83,1126,yellow,[],"(10, 27)"
83,1127,yellow,[],"(10, 31)"
83,1128,yellow,[],"(10, 22)"
83,1129,yellow,[],"(10, 16)"
83,1130,red,[],"(30, 32)"
83,1131,red,[],"(21, 25)"
83,1132,red,[],"(21, 7)"
83,1133,red,[],"(21, 28)"
83,1134,red,[],"(21, 24)"
84,1120,green,[],"(10, 3)"
84,1121,green,[1096],"(0, 14)"
84,1122,green,[],"(9, 16)"
84,1123,green,[1095],"(4, 16)"
84,1124,green,[],"(3, 17)"
84,1125,yellow,[],"(10, 8)"
84,1126,yellow,[],"(10, 28)"
84,1127,yellow,[],"(10, 32)"
84,1128,yellow,[],"(10, 23)"
84,1129,yellow,[],"(10, 15)"
84,1130,red,[],"(29, 32)"
84,1131,red,[],"(21, 24)"
84,1132,red,[],"(21, 8)"
84,1133,red,[],"(21, 27)"
84,1134,red,[],"(21, 25)"
85,1120,green,[],"(10, 2)"
85,1121,green,[1096],"(0, 15)"
85,1122,green,[],"(10, 15)"
85,1123,green,[1095],"(5, 17)"
85,1124,green,[],"(2, 18)"
85,1125,yellow,[],"(10, 7)"
85,1126,yellow,[],"(10, 29)"
85,1127,yellow,[],"(10, 31)"
85,1128,yellow,[],"(10, 24)"
85,1129,yellow,[],"(10, 14)"
85,1130,red,[],"(28, 32)"
85,1131,red,[],"(21, 25)"
85,1132,red,[],"(21, 7)"
85,1133,red,[],"(21, 26)"
85,1134,red,[],"(21, 24)"
86,1120,green,[],"(9, 1)"
86,1121,green,[1096],"(0, 16)"
86,1122,green,[],"(9, 14)"
86,1123,green,[1095],"(6, 18)"
86,1124,green,[],"(1, 19)"
86,1125,yellow,[],"(10, 8)"
86,1126,yellow,[],"(10, 28)"
86,1127,yellow,[],"(10, 32)"
86,1128,yellow,[],"(10, 25)"
86,1129,yellow,[],"(10, 15)"
86,1130,red,[],"(27, 32)"
86,1131,red,[],"(21, 24)"
86,1132,red,[],"(21, 8)"
86,1133,red,[],"(21, 27)"
86,1134,red,[],"(21, 25)"
87,1120,green,[],"(8, 2)"
87,1121,green,[1096],"(0, 15)"
87,1122,green,[],"(10, 13)"
87,1123,green,[1095],"(6, 17)"
87,1124,green,[],"(2, 20)"
87,1125,yellow,[],"(10, 9)"
87,1126,yellow,[],"(10, 29)"
87,1127,yellow,[],"(10, 31)"
87,1128,yellow,[],"(10, 24)"
87,1129,yellow,[],"(10, 14)"
87,1130,red,[],"(26, 32)"
87,1131,red,[],"(21, 25)"
87,1132,red,[],"(21, 9)"
87,1133,red,[],"(21, 28)"
87,1134,red,[],"(21, 26)"
88,1120,green,[],"(8, 3)"
88,1121,green,[1096],"(1, 14)"
88,1122,green,[],"(9, 12)"
88,1123,green,[1095],"(5, 16)"
88,1124,green,[],"(2, 21)"
88,1125,yellow,[],"(10, 8)"
88,1126,yellow,[],"(10, 28)"
88,1127,yellow,[],"(10, 32)"
88,1128,yellow,[],"(10, 23)"
88,1129,yellow,[],"(10, 13)"
88,1130,red,[],"(25, 32)"
88,1131,red,[],"(21, 26)"
88,1132,red,[],"(21, 8)"
88,1133,red,[],"(21, 27)"
88,1134,red,[],"(21, 25)"
89,1120,green,[],"(7, 4)"
89,1121,green,[1096],"(2, 14)"
89,1122,green,[],"(8, 13)"
89,1123,green,[1095],"(6, 15)"
89,1124,green,[],"(3, 21)"
89,1125,yellow,[],"(10, 7)"
89,1126,yellow,[],"(10, 27)"
89,1127,yellow,[],"(10, 31)"
89,1128,yellow,[],"(10, 24)"
89,1129,yellow,[],"(10, 14)"
89,1130,red,[],"(24, 32)"
89,1131,red,[],"(21, 27)"
89,1132,red,[],"(21, 9)"
89,1133,red,[],"(21, 28)"
89,1134,red,[],"(21, 26)"
90,1120,green,[],"(6, 3)"
90,1121,green,[1096],"(1, 13)"
90,1122,green,[],"(7, 14)"
90,1123,green,[1095],"(7, 15)"
90,1124,green,[],"(4, 21)"
90,1125,yellow,[],"(10, 8)"
90,1126,yellow,[],"(10, 28)"
90,1127,yellow,[],"(10, 30)"
90,1128,yellow,[],"(10, 25)"
90,1129,yellow,[],"(10, 15)"
90,1130,red,[],"(23, 32)"
90,1131,red,[],"(21, 28)"
90,1132,red,[],"(21, 10)"
90,1133,red,[],"(21, 27)"
90,1134,red,[],"(21, 25)"
91,1120,green,[],"(5, 4)"
91,1121,green,[1096],"(1, 12)"
91,1122,green,[],"(6, 15)"
91,1123,green,[1095],"(6, 15)"
91,1124,green,[],"(4, 22)"
91,1125,yellow,[],"(10, 7)"
91,1126,yellow,[],"(10, 27)"
91,1127,yellow,[],"(10, 31)"
91,1128,yellow,[],"(10, 26)"
91,1129,yellow,[],"(10, 16)"
91,1130,red,[],"(22, 32)"
91,1131,red,[],"(21, 27)"
91,1132,red,[],"(21, 9)"
91,1133,red,[],"(21, 28)"
91,1134,red,[],"(21, 26)"
92,1120,green,[],"(4, 3)"
92,1121,green,[1096],"(0, 13)"
92,1122,green,[],"(5, 14)"
92,1123,green,[1095],"(5, 15)"
92,1124,green,[],"(5, 21)"
92,1125,yellow,[],"(10, 8)"
92,1126,yellow,[],"(10, 28)"
92,1127,yellow,[],"(10, 32)"
92,1128,yellow,[],"(10, 25)"
92,1129,yellow,[],"(10, 15)"
92,1130,red,[],"(21, 32)"
92,1131,red,[],"(21, 28)"
92,1132,red,[],"(21, 10)"
92,1133,red,[],"(21, 29)"
92,1134,red,[],"(21, 27)"
93,1120,green,[],"(3, 2)"
93,1121,green,[1096],"(0, 12)"
93,1122,green,[],"(4, 15)"
93,1123,green,[1095],"(5, 16)"
93,1124,green,[],"(4, 20)"
93,1125,yellow,[],"(10, 9)"
93,1126,yellow,[],"(10, 29)"
93,1127,yellow,[],"(10, 31)"
93,1128,yellow,[],"(10, 26)"
93,1129,yellow,[],"(10, 14)"
93,1130,red,[],"(21, 31)"
93,1131,red,[],"(21, 29)"
93,1132,red,[],"(21, 11)"
93,1133,red,[],"(21, 30)"
93,1134,red,[],"(21, 26)"
94,1120,green,[],"(4, 1)"
94,1121,green,[1096],"(0, 11)"
94,1122,green,[],"(3, 16)"
94,1123,green,[1095],"(4, 15)"
94,1124,green,[],"(3, 21)"
94,1125,yellow,[],"(10, 8)"
94,1126,yellow,[],"(10, 30)"
94,1127,yellow,[],"(10, 32)"
94,1128,yellow,[],"(10, 27)"
94,1129,yellow,[],"(10, 13)"
94,1130,red,[],"(21, 30)"
94,1131,red,[],"(21, 30)"
94,1132,red,[],"(21, 12)"
94,1133,red,[],"(21, 29)"
94,1134,red,[],"(21, 27)"
95,1120,green,[],"(3, 0)"
95,1121,green,[1096],"(0, 10)"
95,1122,green,[],"(3, 17)"
95,1123,green,[1095],"(5, 16)"
95,1124,green,[],"(3, 22)"
95,1125,yellow,[],"(10, 7)"
95,1126,yellow,[],"(10, 29)"
95,1127,yellow,[],"(10, 31)"
95,1128,yellow,[],"(10, 28)"
95,1129,yellow,[],"(10, 14)"
95,1130,red,[],"(21, 29)"
95,1131,red,[],"(21, 29)"
95,1132,red,[],"(21, 11)"
95,1133,red,[],"(21, 28)"
95,1134,red,[],"(21, 26)"
96,1120,green,[],"(3, 1)"
96,1121,green,[1096],"(1, 9)"
96,1122,green,[],"(2, 18)"
96,1123,green,[1095],"(6, 17)"
96,1124,green,[],"(3, 21)"
96,1125,yellow,[],"(10, 8)"
96,1126,yellow,[],"(10, 30)"
96,1127,yellow,[],"(10, 32)"
96,1128,yellow,[],"(10, 29)"
96,1129,yellow,[],"(10, 15)"
96,1130,red,[],"(21, 28)"
96,1131,red,[],"(21, 28)"
96,1132,red,[],"(21, 12)"
96,1133,red,[],"(21, 27)"
96,1134,red,[],"(21, 25)"
97,1120,green,[],"(2, 0)"
97,1121,green,[1096],"(2, 8)"
97,1122,green,[],"(1, 17)"
97,1123,green,[1095],"(7, 17)"
97,1124,green,[],"(4, 20)"
97,1125,yellow,[],"(10, 7)"
97,1126,yellow,[],"(10, 29)"
97,1127,yellow,[],"(10, 31)"
97,1128,yellow,[],"(10, 30)"
97,1129,yellow,[],"(10, 14)"
97,1130,red,[],"(21, 27)"
97,1131,red,[],"(21, 29)"
97,1132,red,[],"(21, 11)"
97,1133,red,[],"(21, 28)"
97,1134,red,[],"(21, 24)"
98,1120,green,[1099],"(1, 1)"
98,1121,green,[1096],"(1, 7)"
98,1122,green,[],"(1, 16)"
98,1123,green,[1095],"(7, 16)"
98,1124,green,[],"(3, 19)"
98,1125,yellow,[],"(10, 8)"
98,1126,yellow,[],"(10, 28)"
98,1127,yellow,[],"(10, 30)"
98,1128,yellow,[],"(10, 29)"
98,1129,yellow,[],"(10, 15)"
98,1130,red,[],"(21, 28)"
98,1131,red,[],"(21, 30)"
98,1132,red,[],"(21, 10)"
98,1133,red,[],"(21, 29)"
98,1134,red,[],"(21, 25)"
99,1120,green,[1099],"(0, 2)"
99,1121,green,[1096],"(1, 6)"
99,1122,green,[],"(1, 15)"
99,1123,green,[1095],"(7, 17)"
99,1124,green,[],"(3, 20)"
99,1125,yellow,[],"(10, 9)"
99,1126,yellow,[],"(10, 27)"
99,1127,yellow,[],"(10, 31)"
99,1128,yellow,[],"(10, 30)"
99,1129,yellow,[],"(10, 16)"
99,1130,red,[],"(21, 27)"
99,1131,red,[],"(21, 31)"
99,1132,red,[],"(21, 11)"
99,1133,red,[],"(21, 30)"
99,1134,red,[],"(21, 24)"
100,1120,green,[1099],"(0, 3)"
100,1121,green,[1096],"(2, 6)"
100,1122,green,[],"(2, 14)"
100,1123,green,[1095],"(6, 18)"
100,1124,green,[],"(4, 19)"
100,1125,yellow,[],"(10, 8)"
100,1126,yellow,[],"(10, 28)"
100,1127,yellow,[],"(10, 32)"
100,1128,yellow,[],"(10, 29)"
100,1129,yellow,[],"(10, 17)"
100,1130,red,[],"(21, 28)"
100,1131,red,[],"(21, 32)"
100,1132,red,[],"(21, 10)"
100,1133,red,[],"(21, 29)"
100,1134,red,[],"(21, 25)"
101,1120,green,[1099],"(1, 4)"
101,1121,green,[1096],"(3, 6)"
101,1122,green,[],"(1, 13)"
101,1123,green,[1095],"(7, 18)"
101,1124,green,[],"(5, 18)"
101,1125,yellow,[],"(10, 9)"
101,1126,yellow,[],"(10, 29)"
101,1127,yellow,[],"(10, 31)"
101,1128,yellow,[],"(10, 30)"
101,1129,yellow,[],"(10, 16)"
101,1130,red,[],"(21, 29)"
101,1131,red,[],"(21, 31)"
101,1132,red,[],"(21, 11)"
101,1133,red,[],"(21, 28)"
101,1134,red,[],"(21, 24)"
102,1120,green,[1099],"(2, 5)"
102,1121,green,[1096],"(4, 6)"
102,1122,green,[],"(2, 12)"
102,1123,green,[1095],"(8, 18)"
102,1124,green,[],"(4, 17)"
102,1125,yellow,[],"(10, 10)"
102,1126,yellow,[],"(10, 30)"
102,1127,yellow,[],"(10, 30)"
102,1128,yellow,[],"(10, 29)"
102,1129,yellow,[],"(10, 15)"
102,1130,red,[],"(21, 28)"
102,1131,red,[],"(21, 30)"
102,1132,red,[],"(21, 12)"
102,1133,red,[],"(21, 27)"
102,1134,red,[],"(21, 23)"
103,1120,green,[1099],"(3, 6)"
103,1121,green,[1096],"(5, 6)"
103,1122,green,[],"(3, 12)"
103,1123,green,[1095],"(9, 17)"
103,1124,green,[],"(3, 17)"
103,1125,yellow,[],"(10, 11)"
103,1126,yellow,[],"(10, 29)"
103,1127,yellow,[],"(10, 31)"
103,1128,yellow,[],"(10, 28)"
103,1129,yellow,[],"(10, 16)"
103,1130,red,[],"(21, 29)"
103,1131,red,[],"(21, 31)"
103,1132,red,[],"(21, 11)"
103,1133,red,[],"(21, 28)"
103,1134,red,[],"(21, 24)"
104,1120,green,[1099],"(2, 7)"
104,1121,green,[1096],"(6, 6)"
104,1122,green,[],"(4, 12)"
104,1123,green,[1095],"(10, 17)"
104,1124,green,[],"(2, 16)"
104,1125,yellow,[],"(10, 10)"
104,1126,yellow,[],"(10, 30)"
104,1127,yellow,[],"(10, 32)"
104,1128,yellow,[],"(10, 27)"
104,1129,yellow,[],"(10, 15)"
104,1130,red,[],"(21, 28)"
104,1131,red,[],"(21, 30)"
104,1132,red,[],"(21, 12)"
104,1133,red,[],"(21, 27)"
104,1134,red,[],"(21, 25)"
105,1120,green,[1099],"(3, 8)"
105,1121,green,[1096],"(7, 6)"
105,1122,green,[],"(5, 12)"
105,1123,green,[1095],"(9, 17)"
105,1124,green,[],"(1, 17)"
105,1125,yellow,[],"(10, 11)"
105,1126,yellow,[],"(10, 29)"
105,1127,yellow,[],"(10, 31)"
105,1128,yellow,[],"(10, 28)"
105,1129,yellow,[],"(10, 16)"
105,1130,red,[],"(21, 27)"
105,1131,red,[],"(21, 29)"
105,1132,red,[],"(21, 13)"
105,1133,red,[],"(21, 26)"
105,1134,red,[],"(21, 26)"
106,1120,green,[1099],"(4, 9)"
106,1121,green,[1096],"(8, 6)"
106,1122,green,[],"(6, 11)"
106,1123,green,[1095],"(8, 16)"
106,1124,green,[],"(0, 16)"
106,1125,yellow,[],"(10, 10)"
106,1126,yellow,[],"(10, 30)"
106,1127,yellow,[],"(10, 32)"
106,1128,yellow,[],"(10, 27)"
106,1129,yellow,[],"(10, 15)"
106,1130,red,[],"(21, 28)"
106,1131,red,[],"(21, 28)"
106,1132,red,[],"(21, 12)"
106,1133,red,[],"(21, 25)"
106,1134,red,[],"(21, 25)"
107,1120,green,[1099],"(3, 10)"
107,1121,green,[1096],"(9, 6)"
107,1122,green,[],"(5, 10)"
107,1123,green,[1095],"(9, 16)"
107,1124,green,[],"(1, 17)"
107,1125,yellow,[],"(10, 11)"
107,1126,yellow,[],"(10, 29)"
107,1127,yellow,[],"(10, 31)"
107,1128,yellow,[],"(10, 28)"
107,1129,yellow,[],"(10, 14)"
107,1130,red,[],"(21, 29)"
107,1131,red,[],"(21, 27)"
107,1132,red,[],"(21, 11)"
107,1133,red,[],"(21, 26)"
107,1134,red,[],"(21, 26)"
108,1120,green,[1099],"(4, 11)"
108,1121,green,[1096],"(10, 6)"
108,1122,green,[],"(4, 10)"
108,1123,green,[1095],"(10, 17)"
108,1124,green,[],"(1, 16)"
108,1125,yellow,[],"(10, 10)"
108,1126,yellow,[],"(10, 28)"
108,1127,yellow,[],"(10, 32)"
108,1128,yellow,[],"(10, 27)"
108,1129,yellow,[],"(10, 15)"
108,1130,red,[],"(21, 30)"
108,1131,red,[],"(21, 26)"
108,1132,red,[],"(21, 12)"
108,1133,red,[],"(21, 25)"
108,1134,red,[],"(21, 27)"
109,1120,green,[1099],"(5, 12)"
109,1121,green,[],"(10, 6)"
109,1122,green,[],"(3, 10)"
109,1123,green,[1095],"(10, 18)"
109,1124,green,[],"(1, 15)"
109,1125,yellow,[],"(10, 11)"
109,1126,yellow,[],"(10, 29)"
109,1127,yellow,[],"(10, 31)"
109,1128,yellow,[],"(10, 26)"
109,1129,yellow,[],"(10, 16)"
109,1130,red,[],"(21, 29)"
109,1131,red,[],"(21, 27)"
109,1132,red,[],"(21, 13)"
109,1133,red,[],"(21, 24)"
109,1134,red,[],"(21, 28)"
110,1120,green,[1099],"(6, 11)"
110,1121,green,[],"(10, 7)"
110,1122,green,[],"(2, 9)"
110,1123,green,[1095],"(9, 17)"
110,1124,green,[],"(2, 14)"
110,1125,yellow,[1097],"(10, 12)"
110,1126,yellow,[],"(10, 30)"
110,1127,yellow,[],"(10, 32)"
110,1128,yellow,[],"(10, 27)"
110,1129,yellow,[],"(10, 15)"
110,1130,red,[],"(21, 30)"
110,1131,red,[],"(21, 28)"
110,1132,red,[],"(21, 12)"
110,1133,red,[],"(21, 23)"
110,1134,red,[],"(21, 27)"
111,1120,green,[1099],"(7, 10)"
111,1121,green,[],"(10, 8)"
111,1122,green,[],"(1, 9)"
111,1123,green,[1095],"(9, 16)"
111,1124,green,[],"(1, 13)"
111,1125,yellow,[1097],"(10, 13)"
111,1126,yellow,[],"(10, 29)"
111,1127,yellow,[],"(10, 31)"
111,1128,yellow,[],"(10, 28)"
111,1129,yellow,[],"(10, 14)"
111,1130,red,[],"(21, 31)"
111,1131,red,[],"(21, 27)"
111,1132,red,[],"(21, 11)"
111,1133,red,[],"(21, 22)"
111,1134,red,[],"(21, 28)"
112,1120,green,[1099],"(8, 11)"
112,1121,green,[],"(10, 7)"
112,1122,green,[],"(0, 10)"
112,1123,green,[1095],"(10, 17)"
112,1124,green,[],"(2, 12)"
112,1125,yellow,[1097],"(10, 12)"
112,1126,yellow,[],"(10, 30)"
112,1127,yellow,[],"(10, 32)"
112,1128,yellow,[],"(10, 29)"
112,1129,yellow,[],"(10, 15)"
112,1130,red,[],"(21, 32)"
112,1131,red,[],"(21, 28)"
112,1132,red,[],"(21, 10)"
112,1133,red,[],"(21, 23)"
112,1134,red,[],"(21, 29)"
113,1120,green,[1099],"(9, 12)"
113,1121,green,[],"(9, 8)"
113,1122,green,[],"(1, 10)"
113,1123,green,[1095],"(10, 18)"
113,1124,green,[],"(3, 13)"
113,1125,yellow,[1097],"(10, 13)"
113,1126,yellow,[],"(10, 29)"
113,1127,yellow,[],"(10, 31)"
113,1128,yellow,[],"(10, 30)"
113,1129,yellow,[],"(10, 16)"
113,1130,red,[],"(21, 31)"
113,1131,red,[],"(21, 27)"
113,1132,red,[],"(21, 9)"
113,1133,red,[],"(21, 24)"
113,1134,red,[],"(21, 28)"
114,1120,green,[1099],"(10, 12)"
114,1121,green,[],"(8, 9)"
114,1122,green,[],"(2, 9)"
114,1123,green,[1095],"(10, 19)"
114,1124,green,[],"(4, 14)"
114,1125,yellow,[1097],"(10, 14)"
114,1126,yellow,[],"(10, 30)"
114,1127,yellow,[],"(10, 30)"
114,1128,yellow,[],"(10, 29)"
114,1129,yellow,[],"(10, 17)"
114,1130,red,[],"(21, 32)"
114,1131,red,[],"(21, 28)"
114,1132,red,[],"(21, 8)"
114,1133,red,[],"(21, 23)"
114,1134,red,[],"(21, 29)"
115,1120,green,[1099],"(10, 11)"
115,1121,green,[],"(7, 10)"
115,1122,green,[],"(3, 8)"
115,1123,green,[1095],"(10, 20)"
115,1124,green,[],"(5, 13)"
115,1125,yellow,[1097],"(10, 15)"
115,1126,yellow,[],"(10, 29)"
115,1127,yellow,[],"(10, 31)"
115,1128,yellow,[],"(10, 28)"
115,1129,yellow,[],"(10, 18)"
115,1130,red,[],"(21, 31)"
115,1131,red,[],"(21, 27)"
115,1132,red,[],"(21, 7)"
115,1133,red,[],"(21, 22)"
115,1134,red,[],"(21, 28)"
116,1120,green,[1099],"(9, 10)"
116,1121,green,[],"(8, 11)"
116,1122,green,[],"(2, 7)"
116,1123,green,[1095],"(9, 21)"
116,1124,green,[],"(6, 14)"
116,1125,yellow,[1097],"(10, 14)"
116,1126,yellow,[],"(10, 30)"
116,1127,yellow,[],"(10, 32)"
116,1128,yellow,[],"(10, 27)"
116,1129,yellow,[],"(10, 19)"
116,1130,red,[],"(21, 30)"
116,1131,red,[],"(21, 28)"
116,1132,red,[],"(21, 8)"
116,1133,red,[],"(21, 23)"
116,1134,red,[],"(21, 29)"
117,1120,green,[1099],"(9, 9)"
117,1121,green,[],"(7, 12)"
117,1122,green,[],"(1, 6)"
117,1123,green,[1095],"(8, 22)"
117,1124,green,[],"(7, 13)"
117,1125,yellow,[1097],"(10, 13)"
117,1126,yellow,[],"(10, 29)"
117,1127,yellow,[],"(10, 31)"
117,1128,yellow,[],"(10, 28)"
117,1129,yellow,[],"(10, 18)"
117,1130,red,[],"(21, 31)"
117,1131,red,[],"(21, 27)"
117,1132,red,[],"(21, 7)"
117,1133,red,[],"(21, 24)"
117,1134,red,[],"(21, 30)"
118,1120,green,[1099],"(8, 8)"
118,1121,green,[],"(6, 13)"
118,1122,green,[],"(2, 5)"
118,1123,green,[1095],"(9, 22)"
118,1124,green,[],"(8, 14)"
118,1125,yellow,[1097],"(10, 14)"
118,1126,yellow,[],"(10, 28)"
118,1127,yellow,[],"(10, 32)"
118,1128,yellow,[],"(10, 27)"
118,1129,yellow,[],"(10, 19)"
118,1130,red,[],"(21, 30)"
118,1131,red,[],"(21, 28)"
118,1132,red,[],"(21, 6)"
118,1133,red,[],"(21, 25)"
118,1134,red,[],"(21, 31)"
119,1120,green,[1099],"(7, 7)"
119,1121,green,[],"(7, 14)"
119,1122,green,[],"(3, 5)"
119,1123,green,[1095],"(9, 23)"
119,1124,green,[],"(9, 15)"
119,1125,yellow,[1097],"(10, 13)"
119,1126,yellow,[],"(10, 29)"
119,1127,yellow,[],"(10, 31)"
119,1128,yellow,[],"(10, 26)"
119,1129,yellow,[],"(10, 20)"
119,1130,red,[],"(21, 29)"
119,1131,red,[],"(21, 27)"
119,1132,red,[],"(21, 7)"
119,1133,red,[],"(21, 26)"
119,1134,red,[],"(21, 30)"
120,1120,green,[1099],"(6, 7)"
120,1121,green,[],"(6, 15)"
120,1122,green,[],"(4, 5)"
120,1123,green,[1095],"(9, 24)"
120,1124,green,[],"(8, 16)"
120,1125,yellow,[1097],"(10, 14)"
120,1126,yellow,[],"(10, 30)"
120,1127,yellow,[],"(10, 30)"
120,1128,yellow,[],"(10, 27)"
120,1129,yellow,[],"(10, 19)"
120,1130,red,[],"(21, 28)"
120,1131,red,[],"(21, 28)"
120,1132,red,[],"(21, 8)"
120,1133,red,[],"(21, 27)"
120,1134,red,[],"(21, 31)"
121,1120,green,[1099],"(7, 6)"
121,1121,green,[],"(7, 16)"
121,1122,green,[],"(5, 6)"
121,1123,green,[1095],"(10, 24)"
121,1124,green,[],"(9, 17)"
121,1125,yellow,[1097],"(10, 15)"
121,1126,yellow,[],"(10, 29)"
121,1127,yellow,[],"(10, 31)"
121,1128,yellow,[],"(10, 28)"
121,1129,yellow,[],"(10, 20)"
121,1130,red,[],"(21, 29)"
121,1131,red,[],"(21, 29)"
121,1132,red,[],"(21, 9)"
121,1133,red,[],"(21, 28)"
121,1134,red,[],"(21, 32)"
122,1120,green,[1099],"(8, 7)"
122,1121,green,[],"(6, 17)"
122,1122,green,[],"(6, 5)"
122,1123,green,[1095],"(9, 23)"
122,1124,green,[],"(10, 18)"
122,1125,yellow,[1097],"(10, 16)"
122,1126,yellow,[],"(10, 28)"
122,1127,yellow,[],"(10, 32)"
122,1128,yellow,[],"(10, 27)"
122,1129,yellow,[],"(10, 19)"
122,1130,red,[],"(21, 28)"
122,1131,red,[],"(21, 30)"
122,1132,red,[],"(21, 8)"
122,1133,red,[],"(21, 27)"
122,1134,red,[],"(21, 31)"
123,1120,green,[1099],"(9, 7)"
123,1121,green,[],"(7, 18)"
123,1122,green,[],"(7, 6)"
123,1123,green,[1095],"(8, 23)"
123,1124,green,[],"(9, 19)"
123,1125,yellow,[1097],"(10, 17)"
123,1126,yellow,[],"(10, 27)"
123,1127,yellow,[],"(10, 31)"
123,1128,yellow,[],"(10, 28)"
123,1129,yellow,[],"(10, 18)"
123,1130,red,[],"(21, 29)"
123,1131,red,[],"(21, 29)"
123,1132,red,[],"(21, 9)"
123,1133,red,[],"(21, 26)"
123,1134,red,[],"(21, 32)"
124,1120,green,[1099],"(10, 7)"
124,1121,green,[],"(6, 19)"
124,1122,green,[],"(8, 5)"
124,1123,green,[1095],"(8, 22)"
124,1124,green,[],"(10, 20)"
124,1125,yellow,[1097],"(10, 16)"
124,1126,yellow,[],"(10, 26)"
124,1127,yellow,[],"(10, 32)"
124,1128,yellow,[],"(10, 27)"
124,1129,yellow,[],"(10, 17)"
124,1130,red,[],"(21, 28)"
124,1131,red,[],"(21, 28)"
124,1132,red,[],"(21, 10)"
124,1133,red,[],"(21, 25)"
124,1134,red,[],"(21, 31)"
125,1120,green,[1099],"(9, 6)"
125,1121,green,[],"(7, 20)"
125,1122,green,[],"(9, 6)"
125,1123,green,[1095],"(7, 22)"
125,1124,green,[],"(9, 21)"
125,1125,yellow,[1097],"(10, 15)"
125,1126,yellow,[],"(10, 25)"
125,1127,yellow,[],"(10, 31)"
125,1128,yellow,[],"(10, 26)"
125,1129,yellow,[],"(10, 16)"
125,1130,red,[],"(21, 29)"
125,1131,red,[],"(21, 27)"
125,1132,red,[],"(21, 11)"
125,1133,red,[],"(21, 24)"
125,1134,red,[],"(21, 30)"
126,1120,green,[1099],"(8, 6)"
126,1121,green,[],"(6, 21)"
126,1122,green,[],"(10, 7)"
126,1123,green,[1095],"(8, 22)"
126,1124,green,[],"(10, 20)"
126,1125,yellow,[1097],"(10, 14)"
126,1126,yellow,[],"(10, 26)"
126,1127,yellow,[],"(10, 30)"
126,1128,yellow,[],"(10, 27)"
126,1129,yellow,[],"(10, 15)"
126,1130,red,[],"(21, 28)"
126,1131,red,[],"(21, 28)"
126,1132,red,[],"(21, 10)"
126,1133,red,[],"(21, 23)"
126,1134,red,[],"(21, 31)"
127,1120,green,[1099],"(8, 7)"
127,1121,green,[],"(7, 22)"
127,1122,green,[],"(9, 8)"
127,1123,green,[1095],"(8, 21)"
127,1124,green,[],"(9, 20)"
127,1125,yellow,[1097],"(10, 13)"
127,1126,yellow,[],"(10, 25)"
127,1127,yellow,[],"(10, 31)"
127,1128,yellow,[],"(10, 26)"
127,1129,yellow,[],"(10, 16)"
127,1130,red,[],"(21, 27)"
127,1131,red,[],"(21, 29)"
127,1132,red,[],"(21, 11)"
127,1133,red,[],"(21, 22)"
127,1134,red,[],"(21, 32)"
128,1120,green,[1099],"(8, 8)"
128,1121,green,[],"(6, 23)"
128,1122,green,[],"(10, 9)"
128,1123,green,[1095],"(8, 20)"
128,1124,green,[],"(10, 19)"
128,1125,yellow,[1097],"(10, 14)"
128,1126,yellow,[],"(10, 26)"
128,1127,yellow,[],"(10, 32)"
128,1128,yellow,[],"(10, 25)"
128,1129,yellow,[],"(10, 17)"
128,1130,red,[],"(21, 26)"
128,1131,red,[],"(21, 28)"
128,1132,red,[],"(21, 12)"
128,1133,red,[],"(21, 21)"
128,1134,red,[],"(21, 31)"
129,1120,green,[1099],"(7, 7)"
129,1121,green,[],"(7, 24)"
129,1122,green,[],"(9, 10)"
129,1123,green,[1095],"(8, 21)"
129,1124,green,[],"(9, 18)"
129,1125,yellow,[1097],"(10, 13)"
129,1126,yellow,[],"(10, 25)"
129,1127,yellow,[],"(10, 31)"
129,1128,yellow,[],"(10, 26)"
129,1129,yellow,[],"(10, 18)"
129,1130,red,[],"(21, 25)"
129,1131,red,[],"(21, 29)"
129,1132,red,[],"(21, 13)"
129,1133,red,[],"(21, 20)"
129,1134,red,[],"(21, 32)"
130,1120,green,[1099],"(6, 7)"
130,1121,green,[],"(6, 25)"
130,1122,green,[],"(8, 9)"
130,1123,green,[1095],"(8, 22)"
130,1124,green,[],"(10, 18)"
130,1125,yellow,[1097],"(10, 12)"
130,1126,yellow,[],"(10, 26)"
130,1127,yellow,[],"(10, 32)"
130,1128,yellow,[],"(10, 25)"
130,1129,yellow,[],"(10, 19)"
130,1130,red,[],"(21, 26)"
130,1131,red,[],"(21, 30)"
130,1132,red,[],"(21, 12)"
130,1133,red,[],"(21, 21)"
130,1134,red,[],"(21, 31)"
131,1120,green,[1099],"(6, 8)"
131,1121,green,[],"(7, 26)"
131,1122,green,[],"(7, 8)"
131,1123,green,[1095],"(9, 22)"
131,1124,green,[],"(10, 19)"
131,1125,yellow,[1097],"(10, 11)"
131,1126,yellow,[],"(10, 27)"
131,1127,yellow,[],"(10, 31)"
131,1128,yellow,[],"(10, 26)"
131,1129,yellow,[],"(10, 18)"
131,1130,red,[],"(21, 25)"
131,1131,red,[],"(21, 31)"
131,1132,red,[],"(21, 11)"
131,1133,red,[],"(21, 22)"
131,1134,red,[],"(21, 32)"
132,1120,green,[1099],"(5, 7)"
132,1121,green,[],"(6, 27)"
132,1122,green,[],"(6, 8)"
132,1123,green,[1095],"(8, 22)"
132,1124,green,[],"(9, 19)"
132,1125,yellow,[1097],"(10, 10)"
132,1126,yellow,[],"(10, 26)"
132,1127,yellow,[],"(10, 32)"
132,1128,yellow,[],"(10, 27)"
132,1129,yellow,[],"(10, 17)"
132,1130,red,[],"(21, 26)"
132,1131,red,[],"(21, 32)"
132,1132,red,[],"(21, 12)"
132,1133,red,[],"(21, 23)"
132,1134,red,[],"(21, 31)"
133,1120,green,[1099],"(4, 6)"
133,1121,green,[],"(7, 28)"
133,1122,green,[],"(7, 9)"
133,1123,green,[1095],"(8, 21)"
133,1124,green,[],"(9, 18)"
133,1125,yellow,[1097],"(10, 11)"
133,1126,yellow,[],"(10, 27)"
133,1127,yellow,[],"(10, 31)"
133,1128,yellow,[],"(10, 28)"
133,1129,yellow,[],"(10, 18)"
133,1130,red,[],"(21, 25)"
133,1131,red,[],"(21, 31)"
133,1132,red,[],"(21, 11)"
133,1133,red,[],"(21, 24)"
133,1134,red,[],"(21, 30)"
134,1120,green,[1099],"(4, 7)"
134,1121,green,[],"(6, 29)"
134,1122,green,[],"(6, 10)"
134,1123,green,[1095],"(9, 20)"
134,1124,green,[],"(10, 19)"
134,1125,yellow,[1097],"(10, 12)"
134,1126,yellow,[],"(10, 28)"
134,1127,yellow,[],"(10, 32)"
134,1128,yellow,[],"(10, 27)"
134,1129,yellow,[],"(10, 19)"
134,1130,red,[],"(21, 24)"
134,1131,red,[],"(21, 30)"
134,1132,red,[],"(21, 12)"
134,1133,red,[],"(21, 23)"
134,1134,red,[],"(21, 29)"
135,1120,green,[1099],"(3, 6)"
135,1121,green,[],"(7, 30)"
135,1122,green,[],"(7, 11)"
135,1123,green,[1095],"(10, 21)"
135,1124,green,[],"(9, 18)"
135,1125,yellow,[1097],"(10, 13)"
135,1126,yellow,[],"(10, 29)"
135,1127,yellow,[],"(10, 31)"
135,1128,yellow,[],"(10, 28)"
135,1129,yellow,[],"(10, 20)"
135,1130,red,[],"(21, 25)"
135,1131,red,[],"(21, 29)"
135,1132,red,[],"(21, 11)"
135,1133,red,[],"(21, 22)"
135,1134,red,[],"(21, 28)"
136,1120,green,[1099],"(3, 5)"
136,1121,green,[],"(6, 31)"
136,1122,green,[],"(7, 10)"
136,1123,green,[1095],"(9, 21)"
136,1124,green,[],"(8, 19)"
136,1125,yellow,[1097],"(10, 14)"
136,1126,yellow,[],"(10, 30)"
136,1127,yellow,[],"(10, 32)"
136,1128,yellow,[],"(10, 27)"
136,1129,yellow,[],"(10, 21)"
136,1130,red,[],"(21, 26)"
136,1131,red,[],"(21, 28)"
136,1132,red,[],"(21, 10)"
136,1133,red,[],"(21, 21)"
136,1134,red,[],"(21, 29)"
137,1120,green,[1099],"(4, 5)"
137,1121,green,[],"(7, 32)"
137,1122,green,[],"(6, 10)"
137,1123,green,[1095],"(9, 20)"
137,1124,green,[],"(7, 19)"
137,1125,yellow,[1097],"(10, 13)"
137,1126,yellow,[],"(10, 29)"
137,1127,yellow,[],"(10, 31)"
137,1128,yellow,[],"(10, 28)"
137,1129,yellow,[],"(10, 20)"
137,1130,red,[],"(21, 27)"
137,1131,red,[],"(21, 27)"
137,1132,red,[],"(21, 11)"
137,1133,red,[],"(21, 22)"
137,1134,red,[],"(21, 28)"
138,1120,green,[1099],"(5, 6)"
138,1121,green,[],"(8, 31)"
138,1122,green,[],"(6, 9)"
138,1123,green,[1095],"(10, 21)"
138,1124,green,[],"(8, 19)"
138,1125,yellow,[1097],"(10, 14)"
138,1126,yellow,[],"(10, 28)"
138,1127,yellow,[],"(10, 32)"
138,1128,yellow,[],"(10, 29)"
138,1129,yellow,[],"(10, 21)"
138,1130,red,[],"(21, 26)"
138,1131,red,[],"(21, 28)"
138,1132,red,[],"(21, 10)"
138,1133,red,[],"(21, 23)"
138,1134,red,[],"(21, 27)"
139,1120,green,[1099],"(6, 6)"
139,1121,green,[],"(9, 32)"
139,1122,green,[],"(6, 10)"
139,1123,green,[1095],"(10, 22)"
139,1124,green,[],"(9, 19)"
139,1125,yellow,[1097],"(10, 15)"
139,1126,yellow,[],"(10, 29)"
139,1127,yellow,[],"(10, 31)"
139,1128,yellow,[],"(10, 30)"
139,1129,yellow,[],"(10, 22)"
139,1130,red,[],"(21, 27)"
139,1131,red,[],"(21, 29)"
139,1132,red,[],"(21, 9)"
139,1133,red,[],"(21, 24)"
139,1134,red,[],"(21, 26)"
140,1120,green,[1099],"(6, 5)"
140,1121,green,[],"(10, 32)"
140,1122,green,[],"(7, 11)"
140,1123,green,[1095],"(10, 21)"
140,1124,green,[],"(8, 19)"
140,1125,yellow,[1097],"(10, 14)"
140,1126,yellow,[],"(10, 30)"
140,1127,yellow,[],"(10, 30)"
140,1128,yellow,[],"(10, 29)"
140,1129,yellow,[],"(10, 23)"
140,1130,red,[],"(21, 26)"
140,1131,red,[],"(21, 30)"
140,1132,red,[],"(21, 8)"
140,1133,red,[],"(21, 25)"
140,1134,red,[],"(21, 25)"
141,1120,green,[1099],"(5, 4)"
141,1121,green,[],"(9, 32)"
141,1122,green,[],"(8, 12)"
141,1123,green,[1095],"(9, 22)"
141,1124,green,[],"(8, 18)"
141,1125,yellow,[1097],"(10, 15)"
141,1126,yellow,[],"(10, 31)"
141,1127,yellow,[],"(10, 29)"
141,1128,yellow,[],"(10, 28)"
141,1129,yellow,[],"(10, 22)"
141,1130,red,[],"(21, 25)"
141,1131,red,[],"(21, 29)"
141,1132,red,[],"(21, 7)"
141,1133,red,[],"(21, 26)"
141,1134,red,[],"(21, 26)"
142,1120,green,[1099],"(5, 5)"
142,1121,green,[],"(10, 31)"
142,1122,green,[],"(9, 12)"
142,1123,green,[1095],"(8, 23)"
142,1124,green,[],"(9, 17)"
142,1125,yellow,[1097],"(10, 14)"
142,1126,yellow,[],"(10, 30)"
142,1127,yellow,[],"(10, 30)"
142,1128,yellow,[],"(10, 27)"
142,1129,yellow,[],"(10, 23)"
142,1130,red,[],"(21, 26)"
142,1131,red,[],"(21, 28)"
142,1132,red,[],"(21, 8)"
142,1133,red,[],"(21, 27)"
142,1134,red,[],"(21, 25)"
143,1120,green,[1099],"(4, 4)"
143,1121,green,[],"(10, 32)"
143,1122,green,[],"(10, 11)"
143,1123,green,[1095],"(8, 24)"
143,1124,green,[],"(10, 16)"
143,1125,yellow,[1097],"(10, 13)"
143,1126,yellow,[],"(10, 29)"
143,1127,yellow,[],"(10, 31)"
143,1128,yellow,[],"(10, 28)"
143,1129,yellow,[],"(10, 22)"
143,1130,red,[],"(21, 27)"
143,1131,red,[],"(21, 27)"
143,1132,red,[],"(21, 7)"
143,1133,red,[],"(21, 26)"
143,1134,red,[],"(21, 24)"
144,1120,green,[1099],"(5, 3)"
144,1121,green,[],"(9, 31)"
144,1122,green,[],"(10, 12)"
144,1123,green,[1095],"(7, 25)"
144,1124,green,[],"(10, 15)"
144,1125,yellow,[1097],"(10, 12)"
144,1126,yellow,[],"(10, 28)"
144,1127,yellow,[],"(10, 30)"
144,1128,yellow,[],"(10, 27)"
144,1129,yellow,[],"(10, 21)"
144,1130,red,[],"(21, 26)"
144,1131,red,[],"(21, 28)"
144,1132,red,[],"(21, 8)"
144,1133,red,[],"(21, 25)"
144,1134,red,[],"(21, 25)"
145,1120,green,[1099],"(6, 2)"
145,1121,green,[],"(10, 31)"
145,1122,green,[],"(10, 13)"
145,1123,green,[1095],"(6, 26)"
145,1124,green,[],"(10, 14)"
145,1125,yellow,[1097],"(10, 11)"
145,1126,yellow,[],"(10, 29)"
145,1127,yellow,[],"(10, 31)"
145,1128,yellow,[],"(10, 28)"
145,1129,yellow,[],"(10, 20)"
145,1130,red,[],"(21, 27)"
145,1131,red,[],"(21, 29)"
145,1132,red,[],"(21, 7)"
145,1133,red,[],"(21, 26)"
145,1134,red,[],"(21, 24)"
146,1120,green,[1099],"(7, 1)"
146,1121,green,[],"(9, 32)"
146,1122,green,[],"(9, 12)"
146,1123,green,[1095],"(7, 27)"
146,1124,green,[],"(9, 13)"
146,1125,yellow,[1097],"(10, 10)"
146,1126,yellow,[],"(10, 30)"
146,1127,yellow,[],"(10, 32)"
146,1128,yellow,[],"(10, 29)"
146,1129,yellow,[],"(10, 19)"
146,1130,red,[],"(21, 28)"
146,1131,red,[],"(21, 30)"
146,1132,red,[],"(21, 6)"
146,1133,red,[],"(21, 25)"
146,1134,red,[],"(21, 23)"
147,1120,green,[1099],"(8, 2)"
147,1121,green,[],"(10, 31)"
147,1122,green,[],"(9, 11)"
147,1123,green,[1095],"(8, 28)"
147,1124,green,[],"(10, 12)"
147,1125,yellow,[1097],"(10, 9)"
147,1126,yellow,[],"(10, 29)"
147,1127,yellow,[],"(10, 31)"
147,1128,yellow,[],"(10, 30)"
147,1129,yellow,[],"(10, 20)"
147,1130,red,[],"(21, 27)"
147,1131,red,[],"(21, 29)"
147,1132,red,[],"(21, 5)"
147,1133,red,[],"(21, 26)"
147,1134,red,[],"(21, 22)"
148,1120,green,[1099],"(7, 2)"
148,1121,green,[],"(9, 32)"
148,1122,green,[],"(8, 11)"
148,1123,green,[1095],"(8, 29)"
148,1124,green,[],"(9, 11)"
148,1125,yellow,[1097],"(10, 8)"
148,1126,yellow,[],"(10, 28)"
148,1127,yellow,[],"(10, 30)"
148,1128,yellow,[],"(10, 31)"
148,1129,yellow,[],"(10, 19)"
148,1130,red,[],"(21, 26)"
148,1131,red,[],"(21, 28)"
148,1132,red,[],"(21, 4)"
148,1133,red,[],"(21, 27)"
148,1134,red,[],"(21, 21)"
149,1120,green,[1099],"(6, 3)"
149,1121,green,[],"(10, 32)"
149,1122,green,[],"(9, 10)"
149,1123,green,[1095],"(9, 30)"
149,1124,green,[],"(10, 10)"
149,1125,yellow,[1097],"(10, 7)"
149,1126,yellow,[],"(10, 29)"
149,1127,yellow,[],"(10, 31)"
149,1128,yellow,[],"(10, 30)"
149,1129,yellow,[],"(10, 18)"
149,1130,red,[],"(21, 27)"
149,1131,red,[],"(21, 27)"
149,1132,red,[],"(21, 5)"
149,1133,red,[],"(21, 26)"
149,1134,red,[],"(21, 20)"
150,1120,green,[1099],"(6, 4)"
150,1121,green,[],"(9, 31)"
150,1122,green,[],"(9, 11)"
150,1123,green,[1095],"(10, 30)"
150,1124,green,[],"(9, 9)"
150,1125,yellow,[1097],"(10, 6)"
150,1126,yellow,[],"(10, 30)"
150,1127,yellow,[],"(10, 30)"
150,1128,yellow,[],"(10, 31)"
150,1129,yellow,[],"(10, 17)"
150,1130,red,[],"(21, 26)"
150,1131,red,[],"(21, 26)"
150,1132,red,[],"(21, 6)"
150,1133,red,[],"(21, 27)"
150,1134,red,[],"(21, 19)"
151,1120,green,[1099],"(7, 5)"
151,1121,green,[],"(8, 30)"
151,1122,green,[],"(10, 12)"
151,1123,green,[1095],"(10, 31)"
151,1124,green,[],"(8, 10)"
151,1125,yellow,[1097],"(11, 6)"
151,1126,yellow,[],"(10, 29)"
151,1127,yellow,[],"(10, 29)"
151,1128,yellow,[],"(10, 32)"
151,1129,yellow,[],"(10, 16)"
151,1130,red,[],"(21, 27)"
151,1131,red,[],"(21, 27)"
151,1132,red,[],"(21, 5)"
151,1133,red,[],"(21, 26)"
151,1134,red,[],"(21, 18)"
152,1120,green,[1099],"(7, 4)"
152,1121,green,[],"(8, 29)"
152,1122,green,[],"(9, 11)"
152,1123,green,[1095],"(9, 32)"
152,1124,green,[],"(7, 9)"
152,1125,yellow,[1097],"(12, 6)"
152,1126,yellow,[],"(10, 28)"
152,1127,yellow,[],"(10, 28)"
152,1128,yellow,[],"(10, 31)"
152,1129,yellow,[],"(10, 17)"
152,1130,red,[],"(21, 28)"
152,1131,red,[],"(21, 26)"
152,1132,red,[],"(21, 4)"
152,1133,red,[],"(21, 27)"
152,1134,red,[],"(21, 19)"
153,1120,green,[1099],"(6, 3)"
153,1121,green,[],"(8, 30)"
153,1122,green,[],"(10, 10)"
153,1123,green,[1095],"(8, 32)"
153,1124,green,[],"(6, 10)"
153,1125,yellow,"[1097, 1103]","(13, 6)"
153,1126,yellow,[],"(10, 29)"
153,1127,yellow,[],"(10, 29)"
153,1128,yellow,[],"(10, 32)"
153,1129,yellow,[],"(10, 16)"
153,1130,red,[],"(21, 27)"
153,1131,red,[],"(21, 27)"
153,1132,red,[],"(21, 3)"
153,1133,red,[],"(21, 26)"
153,1134,red,[],"(21, 18)"
154,1120,green,[1099],"(5, 4)"
154,1121,green,[],"(7, 31)"
154,1122,green,[],"(10, 9)"
154,1123,green,[1095],"(7, 32)"
154,1124,green,[],"(5, 9)"
154,1125,yellow,"[1097, 1103]","(14, 6)"
154,1126,yellow,[],"(10, 30)"
154,1127,yellow,[],"(10, 30)"
154,1128,yellow,[],"(10, 31)"
154,1129,yellow,[],"(10, 15)"
154,1130,red,[],"(21, 26)"
154,1131,red,[],"(21, 28)"
154,1132,red,[],"(21, 2)"
154,1133,red,[],"(21, 27)"
154,1134,red,[],"(21, 19)"
155,1120,green,[1099],"(4, 5)"
155,1121,green,[],"(7, 32)"
155,1122,green,[],"(9, 10)"
155,1123,green,[1095],"(6, 32)"
155,1124,green,[],"(4, 10)"
155,1125,yellow,"[1097, 1103]","(15, 6)"
155,1126,yellow,[],"(10, 31)"
155,1127,yellow,[],"(10, 31)"
155,1128,yellow,[],"(10, 30)"
155,1129,yellow,[],"(10, 14)"
155,1130,red,[],"(21, 27)"
155,1131,red,[],"(21, 29)"
155,1132,red,[],"(21, 1)"
155,1133,red,[],"(21, 28)"
155,1134,red,[],"(21, 18)"
156,1120,green,[1099],"(5, 5)"
156,1121,green,[],"(7, 31)"
156,1122,green,[],"(10, 11)"
156,1123,green,[1095],"(5, 32)"
156,1124,green,[],"(3, 9)"
156,1125,yellow,"[1097, 1103]","(16, 6)"
156,1126,yellow,[],"(10, 30)"
156,1127,yellow,[],"(10, 30)"
156,1128,yellow,[],"(10, 31)"
156,1129,yellow,[],"(10, 15)"
156,1130,red,[],"(21, 26)"
156,1131,red,[],"(21, 30)"
156,1132,red,[],"(21, 0)"
156,1133,red,[],"(21, 29)"
156,1134,red,[],"(21, 19)"
157,1120,green,[1099],"(4, 6)"
157,1121,green,[],"(7, 32)"
157,1122,green,[],"(9, 11)"
157,1123,green,[1095],"(4, 32)"
157,1124,green,[],"(2, 10)"
157,1125,yellow,"[1097, 1103]","(17, 6)"
157,1126,yellow,[],"(10, 29)"
157,1127,yellow,[],"(10, 31)"
157,1128,yellow,[],"(10, 30)"
157,1129,yellow,[],"(10, 14)"
157,1130,red,[],"(21, 25)"
157,1131,red,[],"(21, 31)"
157,1132,red,[],"(21, 1)"
157,1133,red,[],"(21, 30)"
157,1134,red,[],"(21, 20)"
158,1120,green,[1099],"(5, 5)"
158,1121,green,[],"(7, 31)"
158,1122,green,[],"(10, 12)"
158,1123,green,[1095],"(3, 32)"
158,1124,green,[],"(1, 9)"
158,1125,yellow,"[1097, 1103]","(18, 6)"
158,1126,yellow,[],"(10, 28)"
158,1127,yellow,[],"(10, 32)"
158,1128,yellow,[],"(10, 31)"
158,1129,yellow,[],"(10, 13)"
158,1130,red,[],"(21, 26)"
158,1131,red,[],"(21, 30)"
158,1132,red,[],"(21, 0)"
158,1133,red,[],"(21, 29)"
158,1134,red,[],"(21, 21)"
159,1120,green,[1099],"(4, 6)"
159,1121,green,[],"(8, 30)"
159,1122,green,[],"(9, 11)"
159,1123,green,[1095],"(2, 32)"
159,1124,green,[],"(0, 10)"
159,1125,yellow,"[1097, 1103]","(19, 6)"
159,1126,yellow,[],"(10, 29)"
159,1127,yellow,[],"(10, 31)"
159,1128,yellow,[],"(10, 30)"
159,1129,yellow,[],"(10, 14)"
159,1130,red,[],"(21, 27)"
159,1131,red,[],"(21, 29)"
159,1132,red,[],"(21, 1)"
159,1133,red,[],"(21, 30)"
159,1134,red,[],"(21, 20)"
160,1120,green,[1099],"(5, 7)"
160,1121,green,[],"(9, 29)"
160,1122,green,[],"(9, 10)"
160,1123,green,[1095],"(1, 31)"
160,1124,green,[],"(0, 11)"
160,1125,yellow,"[1097, 1103]","(20, 6)"
160,1126,yellow,[],"(10, 28)"
160,1127,yellow,[],"(10, 30)"
160,1128,yellow,[],"(10, 29)"
160,1129,yellow,[],"(10, 15)"
160,1130,red,[],"(21, 28)"
160,1131,red,[],"(21, 30)"
160,1132,red,[],"(21, 2)"
160,1133,red,[],"(21, 29)"
160,1134,red,[],"(21, 19)"
161,1120,green,[1099],"(6, 7)"
161,1121,green,[],"(10, 29)"
161,1122,green,[],"(10, 9)"
161,1123,green,[1095],"(0, 30)"
161,1124,green,[],"(1, 11)"
161,1125,yellow,"[1097, 1103]","(21, 6)"
161,1126,yellow,[],"(10, 27)"
161,1127,yellow,[],"(10, 29)"
161,1128,yellow,[],"(10, 30)"
161,1129,yellow,[],"(10, 16)"
161,1130,red,[],"(21, 29)"
161,1131,red,[],"(21, 31)"
161,1132,red,[],"(21, 1)"
161,1133,red,[],"(21, 28)"
161,1134,red,[],"(21, 18)"
162,1120,green,[1099],"(6, 8)"
162,1121,green,[],"(10, 28)"
162,1122,green,[],"(9, 9)"
162,1123,green,[1095],"(0, 29)"
162,1124,green,[],"(0, 10)"
162,1125,yellow,[1103],"(21, 6)"
162,1126,yellow,[],"(10, 26)"
162,1127,yellow,[],"(10, 28)"
162,1128,yellow,[],"(10, 29)"
162,1129,yellow,[],"(10, 15)"
162,1130,red,[],"(21, 30)"
162,1131,red,[],"(21, 32)"
162,1132,red,[],"(21, 2)"
162,1133,red,[],"(21, 29)"
162,1134,red,[],"(21, 19)"
163,1120,green,[1099],"(7, 9)"
163,1121,green,[],"(10, 29)"
163,1122,green,[],"(10, 9)"
163,1123,green,[1095],"(0, 28)"
163,1124,green,[],"(0, 9)"
163,1125,yellow,[],"(21, 6)"
163,1126,yellow,[],"(10, 25)"
163,1127,yellow,[],"(10, 27)"
163,1128,yellow,[],"(10, 30)"
163,1129,yellow,[],"(10, 16)"
163,1130,red,[],"(21, 31)"
163,1131,red,[],"(21, 31)"
163,1132,red,[],"(21, 3)"
163,1133,red,[],"(21, 30)"
163,1134,red,[],"(21, 18)"
164,1120,green,[1099],"(7, 8)"
164,1121,green,[],"(10, 28)"
164,1122,green,[],"(10, 10)"
164,1123,green,[1095],"(0, 27)"
164,1124,green,[],"(1, 8)"
164,1125,yellow,[],"(20, 6)"
164,1126,yellow,[],"(10, 26)"
164,1127,yellow,[],"(10, 28)"
164,1128,yellow,[],"(10, 29)"
164,1129,yellow,[],"(10, 15)"
164,1130,red,[],"(21, 30)"
164,1131,red,[],"(21, 30)"
164,1132,red,[],"(21, 4)"
164,1133,red,[],"(21, 29)"
164,1134,red,[],"(21, 19)"
165,1120,green,[1099],"(8, 9)"
165,1121,green,[],"(9, 27)"
165,1122,green,[],"(9, 10)"
165,1123,green,[1095],"(0, 26)"
165,1124,green,[],"(2, 7)"
165,1125,yellow,[],"(19, 6)"
165,1126,yellow,[],"(10, 25)"
165,1127,yellow,[],"(10, 29)"
165,1128,yellow,[],"(10, 30)"
165,1129,yellow,[],"(10, 14)"
165,1130,red,[],"(21, 31)"
165,1131,red,[],"(21, 31)"
165,1132,red,[],"(21, 3)"
165,1133,red,[],"(21, 30)"
165,1134,red,[],"(21, 18)"
166,1120,green,[1099],"(7, 9)"
166,1121,green,[],"(9, 28)"
166,1122,green,[],"(8, 9)"
166,1123,green,[1095],"(1, 25)"
166,1124,green,[],"(3, 7)"
166,1125,yellow,[],"(18, 6)"
166,1126,yellow,[],"(10, 24)"
166,1127,yellow,[],"(10, 28)"
166,1128,yellow,[],"(10, 29)"
166,1129,yellow,[],"(10, 13)"
166,1130,red,[],"(21, 32)"
166,1131,red,[],"(21, 32)"
166,1132,red,[],"(21, 2)"
166,1133,red,[],"(21, 31)"
166,1134,red,[],"(21, 19)"
167,1120,green,[1099],"(6, 8)"
167,1121,green,[],"(9, 29)"
167,1122,green,[],"(9, 8)"
167,1123,green,[1095],"(2, 25)"
167,1124,green,[],"(4, 6)"
167,1125,yellow,[1106],"(17, 6)"
167,1126,yellow,[],"(10, 23)"
167,1127,yellow,[],"(10, 27)"
167,1128,yellow,[],"(10, 28)"
167,1129,yellow,[],"(10, 14)"
167,1130,red,[],"(21, 31)"
167,1131,red,[],"(21, 31)"
167,1132,red,[],"(21, 3)"
167,1133,red,[],"(21, 30)"
167,1134,red,[],"(21, 18)"
168,1120,green,[1099],"(6, 7)"
168,1121,green,[],"(9, 28)"
168,1122,green,[],"(8, 7)"
168,1123,green,[1095],"(1, 26)"
168,1124,green,[],"(3, 5)"
168,1125,yellow,[1106],"(16, 6)"
168,1126,yellow,[],"(10, 24)"
168,1127,yellow,[],"(10, 26)"
168,1128,yellow,[],"(10, 27)"
168,1129,yellow,[],"(10, 15)"
168,1130,red,[],"(21, 32)"
168,1131,red,[],"(21, 32)"
168,1132,red,[],"(21, 4)"
168,1133,red,[],"(21, 29)"
168,1134,red,[],"(21, 19)"
169,1120,green,[1099],"(6, 8)"
169,1121,green,[],"(8, 29)"
169,1122,green,[],"(7, 8)"
169,1123,green,[1095],"(2, 25)"
169,1124,green,[],"(2, 5)"
169,1125,yellow,[1106],"(15, 6)"
169,1126,yellow,[],"(10, 25)"
169,1127,yellow,[],"(10, 25)"
169,1128,yellow,[],"(10, 26)"
169,1129,yellow,[],"(10, 14)"
169,1130,red,[],"(21, 31)"
169,1131,red,[],"(21, 31)"
169,1132,red,[],"(21, 3)"
169,1133,red,[],"(21, 30)"
169,1134,red,[],"(21, 18)"
170,1120,green,[1099],"(6, 9)"
170,1121,green,[],"(7, 29)"
170,1122,green,[],"(8, 8)"
170,1123,green,[1095],"(2, 24)"
170,1124,green,[],"(1, 5)"
170,1125,yellow,[1106],"(14, 6)"
170,1126,yellow,[],"(10, 24)"
170,1127,yellow,[],"(10, 24)"
170,1128,yellow,[],"(10, 27)"
170,1129,yellow,[],"(10, 15)"
170,1130,red,[],"(21, 30)"
170,1131,red,[],"(21, 32)"
170,1132,red,[],"(21, 2)"
170,1133,red,[],"(21, 31)"
170,1134,red,[],"(21, 17)"
171,1120,green,[1099],"(5, 8)"
171,1121,green,[],"(8, 29)"
171,1122,green,[],"(9, 9)"
171,1123,green,[1095],"(1, 25)"
171,1124,green,[],"(2, 4)"
171,1125,yellow,[1106],"(13, 6)"
171,1126,yellow,[],"(10, 23)"
171,1127,yellow,[],"(10, 23)"
171,1128,yellow,[],"(10, 26)"
171,1129,yellow,[],"(10, 16)"
171,1130,red,[],"(21, 31)"
171,1131,red,[],"(21, 31)"
171,1132,red,[],"(21, 3)"
171,1133,red,[],"(21, 30)"
171,1134,red,[],"(21, 16)"
172,1120,green,[1099],"(6, 9)"
172,1121,green,[],"(9, 28)"
172,1122,green,[],"(9, 8)"
172,1123,green,[1095],"(0, 24)"
172,1124,green,[],"(1, 3)"
172,1125,yellow,[1106],"(12, 6)"
172,1126,yellow,[],"(10, 22)"
172,1127,yellow,[],"(10, 22)"
172,1128,yellow,[],"(10, 27)"
172,1129,yellow,[],"(10, 17)"
172,1130,red,[],"(21, 32)"
172,1131,red,[],"(21, 30)"
172,1132,red,[],"(21, 4)"
172,1133,red,[],"(21, 31)"
172,1134,red,[],"(21, 17)"
173,1120,green,[1099],"(7, 10)"
173,1121,green,[],"(9, 27)"
173,1122,green,[],"(10, 8)"
173,1123,green,[1095],"(1, 25)"
173,1124,green,[],"(2, 2)"
173,1125,yellow,[1106],"(11, 6)"
173,1126,yellow,[],"(10, 21)"
173,1127,yellow,[],"(10, 23)"
173,1128,yellow,[],"(10, 26)"
173,1129,yellow,[],"(10, 18)"
173,1130,red,[],"(21, 31)"
173,1131,red,[],"(21, 31)"
173,1132,red,[],"(21, 5)"
173,1133,red,[],"(21, 32)"
173,1134,red,[],"(21, 18)"
174,1120,green,[1099],"(6, 11)"
174,1121,green,[],"(10, 26)"
174,1122,green,[],"(10, 7)"
174,1123,green,[1095],"(1, 26)"
174,1124,green,[],"(3, 2)"
174,1125,yellow,[1106],"(10, 6)"
174,1126,yellow,[],"(10, 20)"
174,1127,yellow,[],"(10, 22)"
174,1128,yellow,[],"(10, 27)"
174,1129,yellow,[],"(10, 19)"
174,1130,red,[],"(21, 32)"
174,1131,red,[],"(21, 30)"
174,1132,red,"[1097, 1103]","(21, 6)"
174,1133,red,[],"(21, 31)"
174,1134,red,[],"(21, 17)"
175,1120,green,[1099],"(7, 12)"
175,1121,green,[],"(9, 26)"
175,1122,green,[],"(9, 8)"
175,1123,green,[1095],"(2, 26)"
175,1124,green,[],"(4, 2)"
175,1125,yellow,[1106],"(10, 7)"
175,1126,yellow,[],"(10, 19)"
175,1127,yellow,[],"(10, 21)"
175,1128,yellow,[],"(10, 28)"
175,1129,yellow,[],"(10, 18)"
175,1130,red,[],"(21, 31)"
175,1131,red,[],"(21, 29)"
175,1132,red,"[1097, 1103]","(22, 6)"
175,1133,red,[],"(21, 32)"
175,1134,red,[],"(21, 16)"
176,1120,green,[1099],"(8, 13)"
176,1121,green,[],"(10, 25)"
176,1122,green,[],"(9, 7)"
176,1123,green,[1095],"(3, 26)"
176,1124,green,[],"(5, 3)"
176,1125,yellow,[1106],"(10, 6)"
176,1126,yellow,[],"(10, 18)"
176,1127,yellow,[],"(10, 22)"
176,1128,yellow,[],"(10, 29)"
176,1129,yellow,[],"(10, 17)"
176,1130,red,[],"(21, 30)"
176,1131,red,[],"(21, 30)"
176,1132,red,"[1097, 1103]","(23, 6)"
176,1133,red,[],"(21, 31)"
176,1134,red,[],"(21, 17)"
177,1120,green,[1099],"(7, 14)"
177,1121,green,[],"(10, 26)"
177,1122,green,[],"(8, 7)"
177,1123,green,[1095],"(4, 27)"
177,1124,green,[],"(6, 2)"
177,1125,yellow,[1106],"(10, 7)"
177,1126,yellow,[],"(10, 17)"
177,1127,yellow,[],"(10, 23)"
177,1128,yellow,[],"(10, 30)"
177,1129,yellow,[],"(10, 18)"
177,1130,red,[],"(21, 29)"
177,1131,red,[],"(21, 31)"
177,1132,red,"[1097, 1103]","(24, 6)"
177,1133,red,[],"(21, 32)"
177,1134,red,[],"(21, 16)"
178,1120,green,[1099],"(6, 15)"
178,1121,green,[],"(9, 26)"
178,1122,green,[],"(9, 7)"
178,1123,green,[1095],"(3, 26)"
178,1124,green,[],"(7, 3)"
178,1125,yellow,[1106],"(10, 6)"
178,1126,yellow,[],"(10, 18)"
178,1127,yellow,[],"(10, 24)"
178,1128,yellow,[],"(10, 29)"
178,1129,yellow,[],"(10, 17)"
178,1130,red,[],"(21, 28)"
178,1131,red,[],"(21, 32)"
178,1132,red,"[1097, 1103]","(25, 6)"
178,1133,red,[],"(21, 31)"
178,1134,red,[],"(21, 17)"
179,1120,green,[1099],"(5, 16)"
179,1121,green,[],"(9, 27)"
179,1122,green,[],"(10, 8)"
179,1123,green,[1095],"(4, 27)"
179,1124,green,[],"(8, 4)"
179,1125,yellow,[1106],"(10, 5)"
179,1126,yellow,[],"(10, 17)"
179,1127,yellow,[],"(10, 25)"
179,1128,yellow,[],"(10, 28)"
179,1129,yellow,[],"(10, 18)"
179,1130,red,[],"(21, 29)"
179,1131,red,[],"(21, 31)"
179,1132,red,"[1097, 1103]","(26, 6)"
179,1133,red,[],"(21, 30)"
179,1134,red,[],"(21, 16)"
180,1120,green,[1099],"(4, 15)"
180,1121,green,[],"(9, 26)"
180,1122,green,[],"(10, 9)"
180,1123,green,[1095],"(5, 28)"
180,1124,green,[],"(9, 5)"
180,1125,yellow,[1106],"(11, 5)"
180,1126,yellow,[],"(10, 16)"
180,1127,yellow,[],"(10, 24)"
180,1128,yellow,[],"(10, 27)"
180,1129,yellow,[],"(10, 19)"
180,1130,red,[],"(21, 28)"
180,1131,red,[],"(21, 32)"
180,1132,red,"[1097, 1103]","(27, 6)"
180,1133,red,[],"(21, 31)"
180,1134,red,[],"(21, 17)"
181,1120,green,[1099],"(3, 14)"
181,1121,green,[],"(8, 25)"
181,1122,green,[],"(10, 8)"
181,1123,green,[1095],"(4, 29)"
181,1124,green,[],"(10, 4)"
181,1125,yellow,[1106],"(12, 5)"
181,1126,yellow,[],"(10, 17)"
181,1127,yellow,[],"(10, 23)"
181,1128,yellow,[],"(10, 28)"
181,1129,yellow,[],"(10, 20)"
181,1130,red,[],"(21, 27)"
181,1131,red,[],"(21, 31)"
181,1132,red,"[1097, 1103]","(28, 6)"
181,1133,red,[],"(21, 32)"
181,1134,red,[],"(21, 16)"
182,1120,green,[1099],"(2, 15)"
182,1121,green,[],"(8, 24)"
182,1122,green,[],"(9, 7)"
182,1123,green,[1095],"(5, 29)"
182,1124,green,[],"(10, 3)"
182,1125,yellow,[1106],"(13, 5)"
182,1126,yellow,[],"(10, 18)"
182,1127,yellow,[],"(10, 24)"
182,1128,yellow,[],"(10, 29)"
182,1129,yellow,[],"(10, 19)"
182,1130,red,[],"(21, 26)"
182,1131,red,[],"(21, 30)"
182,1132,red,"[1097, 1103]","(29, 6)"
182,1133,red,[],"(21, 31)"
182,1134,red,[],"(21, 15)"
183,1120,green,[1099],"(1, 16)"
183,1121,green,[],"(7, 25)"
183,1122,green,[],"(8, 7)"
183,1123,green,[1095],"(4, 29)"
183,1124,green,[],"(9, 2)"
183,1125,yellow,[1106],"(14, 5)"
183,1126,yellow,[],"(10, 17)"
183,1127,yellow,[],"(10, 23)"
183,1128,yellow,[],"(10, 30)"
183,1129,yellow,[],"(10, 18)"
183,1130,red,[],"(21, 25)"
183,1131,red,[],"(21, 31)"
183,1132,red,"[1097, 1103]","(30, 6)"
183,1133,red,[],"(21, 32)"
183,1134,red,[],"(21, 16)"
184,1120,green,[1099],"(2, 17)"
184,1121,green,[],"(8, 25)"
184,1122,green,[],"(8, 8)"
184,1123,green,[1095],"(3, 30)"
184,1124,green,[],"(10, 1)"
184,1125,yellow,[1106],"(15, 5)"
184,1126,yellow,[],"(10, 16)"
184,1127,yellow,[],"(10, 24)"
184,1128,yellow,[],"(10, 31)"
184,1129,yellow,[],"(10, 17)"
184,1130,red,[],"(21, 26)"
184,1131,red,[],"(21, 30)"
184,1132,red,"[1097, 1103]","(31, 6)"
184,1133,red,[],"(21, 31)"
184,1134,red,[],"(21, 17)"
185,1120,green,[1099],"(3, 18)"
185,1121,green,[],"(9, 26)"
185,1122,green,[],"(9, 8)"
185,1123,green,[1095],"(4, 31)"
185,1124,green,[],"(9, 0)"
185,1125,yellow,[1106],"(16, 5)"
185,1126,yellow,[],"(10, 17)"
185,1127,yellow,[],"(10, 25)"
185,1128,yellow,[],"(10, 30)"
185,1129,yellow,[],"(10, 18)"
185,1130,red,[],"(21, 25)"
185,1131,red,[],"(21, 29)"
185,1132,red,"[1097, 1103]","(32, 6)"
185,1133,red,[],"(21, 32)"
185,1134,red,[],"(21, 18)"
186,1120,green,[1099],"(2, 19)"
186,1121,green,[],"(9, 27)"
186,1122,green,[],"(10, 9)"
186,1123,green,[1095],"(5, 31)"
186,1124,green,[],"(8, 0)"
186,1125,yellow,[1106],"(17, 5)"
186,1126,yellow,[],"(10, 16)"
186,1127,yellow,[],"(10, 24)"
186,1128,yellow,[],"(10, 31)"
186,1129,yellow,[],"(10, 17)"
186,1130,red,[],"(21, 26)"
186,1131,red,[],"(21, 28)"
186,1132,red,"[1097, 1103]","(32, 7)"
186,1133,red,[],"(21, 31)"
186,1134,red,[],"(21, 17)"
187,1120,green,[1099],"(1, 20)"
187,1121,green,[],"(10, 28)"
187,1122,green,[],"(9, 10)"
187,1123,green,[1095],"(4, 32)"
187,1124,green,[],"(7, 0)"
187,1125,yellow,[1106],"(18, 5)"
187,1126,yellow,[],"(10, 15)"
187,1127,yellow,[],"(10, 23)"
187,1128,yellow,[],"(10, 30)"
187,1129,yellow,[],"(10, 18)"
187,1130,red,[],"(21, 27)"
187,1131,red,[],"(21, 27)"
187,1132,red,"[1097, 1103]","(32, 8)"
187,1133,red,[],"(21, 30)"
187,1134,red,[],"(21, 16)"
188,1120,green,[1099],"(0, 19)"
188,1121,green,[],"(10, 27)"
188,1122,green,[],"(9, 11)"
188,1123,green,[1095],"(5, 31)"
188,1124,green,[],"(6, 0)"
188,1125,yellow,[1106],"(19, 5)"
188,1126,yellow,[],"(10, 16)"
188,1127,yellow,[],"(10, 22)"
188,1128,yellow,[],"(10, 29)"
188,1129,yellow,[],"(10, 17)"
188,1130,red,[],"(21, 28)"
188,1131,red,[],"(21, 26)"
188,1132,red,"[1097, 1103]","(32, 9)"
188,1133,red,[],"(21, 29)"
188,1134,red,[],"(21, 17)"
189,1120,green,[1099],"(1, 18)"
189,1121,green,[],"(10, 26)"
189,1122,green,[],"(9, 10)"
189,1123,green,[1095],"(5, 32)"
189,1124,green,[],"(5, 0)"
189,1125,yellow,[1106],"(20, 5)"
189,1126,yellow,[],"(10, 17)"
189,1127,yellow,[],"(10, 23)"
189,1128,yellow,[],"(10, 30)"
189,1129,yellow,[],"(10, 18)"
189,1130,red,[],"(21, 27)"
189,1131,red,[],"(21, 27)"
189,1132,red,"[1097, 1103]","(32, 10)"
189,1133,red,[],"(21, 28)"
189,1134,red,[],"(21, 18)"
190,1120,green,[1099],"(2, 18)"
190,1121,green,[],"(10, 25)"
190,1122,green,[],"(9, 9)"
190,1123,green,[1095],"(6, 31)"
190,1124,green,[],"(4, 0)"
190,1125,yellow,[1106],"(21, 5)"
190,1126,yellow,[],"(10, 16)"
190,1127,yellow,[],"(10, 22)"
190,1128,yellow,[],"(10, 31)"
190,1129,yellow,[],"(10, 17)"
190,1130,red,[],"(21, 26)"
190,1131,red,[],"(21, 26)"
190,1132,red,"[1097, 1103]","(32, 11)"
190,1133,red,[],"(21, 29)"
190,1134,red,[],"(21, 17)"
191,1120,green,[1099],"(1, 19)"
191,1121,green,[],"(9, 24)"
191,1122,green,[],"(10, 8)"
191,1123,green,[1095],"(7, 31)"
191,1124,green,[],"(3, 0)"
191,1125,yellow,[],"(21, 5)"
191,1126,yellow,[],"(10, 15)"
191,1127,yellow,[],"(10, 23)"
191,1128,yellow,[],"(10, 32)"
191,1129,yellow,[],"(10, 18)"
191,1130,red,[],"(21, 25)"
191,1131,red,[],"(21, 25)"
191,1132,red,"[1097, 1103]","(32, 12)"
191,1133,red,[],"(21, 30)"
191,1134,red,[],"(21, 16)"
192,1120,green,[1099],"(2, 20)"
192,1121,green,[],"(9, 23)"
192,1122,green,[],"(10, 7)"
192,1123,green,[1095],"(8, 32)"
192,1124,green,[],"(2, 0)"
192,1125,yellow,[],"(20, 5)"
192,1126,yellow,[],"(10, 16)"
192,1127,yellow,[],"(10, 24)"
192,1128,yellow,[],"(10, 31)"
192,1129,yellow,[],"(10, 17)"
192,1130,red,[],"(21, 24)"
192,1131,red,[],"(21, 24)"
192,1132,red,"[1097, 1103]","(32, 13)"
192,1133,red,[],"(21, 29)"
192,1134,red,[],"(21, 17)"
193,1120,green,[1099],"(3, 21)"
193,1121,green,[],"(10, 24)"
193,1122,green,[],"(9, 6)"
193,1123,green,[1095],"(9, 32)"
193,1124,green,[],"(1, 1)"
193,1125,yellow,[],"(19, 5)"
193,1126,yellow,[],"(10, 15)"
193,1127,yellow,[],"(10, 25)"
193,1128,yellow,[],"(10, 30)"
193,1129,yellow,[],"(10, 16)"
193,1130,red,[],"(21, 23)"
193,1131,red,[],"(21, 23)"
193,1132,red,"[1097, 1103]","(32, 14)"
193,1133,red,[],"(21, 28)"
193,1134,red,[],"(21, 18)"
194,1120,green,[1099],"(4, 22)"
194,1121,green,[],"(9, 24)"
194,1122,green,[],"(10, 5)"
194,1123,green,[1095],"(10, 32)"
194,1124,green,[],"(0, 2)"
194,1125,yellow,[],"(18, 5)"
194,1126,yellow,[],"(10, 14)"
194,1127,yellow,[],"(10, 24)"
194,1128,yellow,[],"(10, 31)"
194,1129,yellow,[],"(10, 17)"
194,1130,red,[],"(21, 22)"
194,1131,red,[],"(21, 22)"
194,1132,red,"[1097, 1103]","(32, 15)"
194,1133,red,[],"(21, 27)"
194,1134,red,[],"(21, 17)"
195,1120,green,[1099],"(5, 21)"
195,1121,green,[],"(10, 24)"
195,1122,green,[],"(10, 4)"
195,1123,green,[1095],"(9, 32)"
195,1124,green,[],"(1, 1)"
195,1125,yellow,[],"(17, 5)"
195,1126,yellow,[],"(10, 15)"
195,1127,yellow,[],"(10, 23)"
195,1128,yellow,[],"(10, 32)"
195,1129,yellow,[],"(10, 16)"
195,1130,red,[],"(21, 23)"
195,1131,red,[],"(21, 23)"
195,1132,red,"[1097, 1103]","(32, 16)"
195,1133,red,[],"(21, 26)"
195,1134,red,[],"(21, 18)"
196,1120,green,[1099],"(6, 20)"
196,1121,green,[],"(9, 23)"
196,1122,green,[],"(9, 3)"
196,1123,green,[1095],"(10, 31)"
196,1124,green,[],"(2, 1)"
196,1125,yellow,[],"(16, 5)"
196,1126,yellow,[],"(10, 16)"
196,1127,yellow,[],"(10, 22)"
196,1128,yellow,[],"(10, 31)"
196,1129,yellow,[],"(10, 15)"
196,1130,red,[],"(21, 24)"
196,1131,red,[],"(21, 22)"
196,1132,red,"[1097, 1103]","(32, 17)"
196,1133,red,[],"(21, 27)"
196,1134,red,[],"(21, 19)"
197,1120,green,[1099],"(7, 21)"
197,1121,green,[],"(8, 24)"
197,1122,green,[],"(8, 2)"
197,1123,green,[1095],"(9, 30)"
197,1124,green,[],"(3, 0)"
197,1125,yellow,[],"(15, 5)"
197,1126,yellow,[],"(10, 17)"
197,1127,yellow,[],"(10, 21)"
197,1128,yellow,[],"(10, 30)"
197,1129,yellow,[],"(10, 16)"
197,1130,red,[],"(21, 23)"
197,1131,red,[],"(21, 23)"
197,1132,red,"[1097, 1103]","(32, 18)"
197,1133,red,[],"(21, 28)"
197,1134,red,[],"(21, 20)"
198,1120,green,[1099],"(8, 20)"
198,1121,green,[],"(7, 23)"
198,1122,green,[],"(9, 1)"
198,1123,green,[1095],"(8, 30)"
198,1124,green,[],"(3, 1)"
198,1125,yellow,[],"(14, 5)"
198,1126,yellow,[],"(10, 16)"
198,1127,yellow,[],"(10, 22)"
198,1128,yellow,[],"(10, 29)"
198,1129,yellow,[],"(10, 15)"
198,1130,red,[],"(21, 24)"
198,1131,red,[],"(21, 22)"
198,1132,red,"[1097, 1103]","(32, 19)"
198,1133,red,[],"(21, 29)"
198,1134,red,[],"(21, 19)"
199,1120,green,[1099],"(9, 21)"
199,1121,green,[],"(7, 22)"
199,1122,green,[],"(10, 2)"
199,1123,green,[1095],"(9, 30)"
199,1124,green,[],"(2, 0)"
199,1125,yellow,[],"(13, 5)"
199,1126,yellow,[],"(10, 15)"
199,1127,yellow,[],"(10, 21)"
199,1128,yellow,[],"(10, 28)"
199,1129,yellow,[],"(10, 16)"
199,1130,red,[],"(21, 25)"
199,1131,red,[],"(21, 23)"
199,1132,red,"[1097, 1103]","(32, 20)"
199,1133,red,[],"(21, 28)"
199,1134,red,[],"(21, 20)"
200,1120,green,[1099],"(10, 22)"
200,1121,green,[],"(7, 21)"
200,1122,green,[],"(10, 3)"
200,1123,green,[1095],"(8, 29)"
200,1124,green,[],"(1, 1)"
200,1125,yellow,[],"(12, 5)"
200,1126,yellow,[],"(10, 16)"
200,1127,yellow,[],"(10, 22)"
200,1128,yellow,[],"(10, 29)"
200,1129,yellow,[],"(10, 15)"
200,1130,red,[],"(21, 26)"
200,1131,red,[],"(21, 22)"
200,1132,red,"[1097, 1103]","(32, 21)"
200,1133,red,[],"(21, 29)"
200,1134,red,[],"(21, 19)"
